,timestamp,open,high,low,close,volume
0,2023-09-29 19:45:00,140.58,140.58,140.09,140.3,50
1,2023-09-29 19:30:00,140.59,140.59,140.59,140.59,2
2,2023-09-29 19:15:00,140.1,140.59,140.1,140.59,82
3,2023-09-29 19:00:00,140.3,140.3,140.1,140.1,1109829
4,2023-09-29 18:45:00,140.48,140.48,140.3,140.3,3
5,2023-09-29 18:30:00,140.3,140.3,140.25,140.3,1109842
6,2023-09-29 18:15:00,140.34,140.34,140.1,140.3,201
7,2023-09-29 18:00:00,140.3,140.35,140.1,140.1,514
8,2023-09-29 17:45:00,140.88,140.88,140.31,140.33,32
9,2023-09-29 17:30:00,140.31,140.48,140.31,140.48,7
10,2023-09-29 17:15:00,140.47,140.47,140.47,140.47,1
11,2023-09-29 17:00:00,140.47,140.47,140.3,140.31,17308
12,2023-09-29 16:30:00,141.25,141.25,140.3,140.48,20159
13,2023-09-29 16:15:00,140.3,140.797,140.3,140.797,23918
14,2023-09-29 16:00:00,140.34,140.54,139.9,140.3,3535914
15,2023-09-29 15:45:00,140.19,140.65,140.06,140.34,717928
16,2023-09-29 15:30:00,140.13,140.31,140.08,140.19,267106
17,2023-09-29 15:15:00,140.25,140.365,139.97,140.13,125153
18,2023-09-29 15:00:00,140.42,140.53,140.1,140.24,121870
19,2023-09-29 14:45:00,140.21,140.405,140.04,140.39,142493
20,2023-09-29 14:30:00,139.89,140.256,139.81,140.22,123288
21,2023-09-29 14:15:00,139.85,140.1,139.815,139.89,120688
22,2023-09-29 14:00:00,139.7,139.917,139.65,139.84,124585
23,2023-09-29 13:45:00,140.013,140.04,139.61,139.71,109882
24,2023-09-29 13:30:00,140.22,140.27,139.94,140.025,91958
25,2023-09-29 13:15:00,139.94,140.24,139.806,140.22,119493
26,2023-09-29 13:00:00,140.42,140.42,139.84,139.92,165400
27,2023-09-29 12:45:00,140.62,140.69,140.34,140.425,109163
28,2023-09-29 12:30:00,140.77,140.805,140.58,140.62,102402
29,2023-09-29 12:15:00,140.69,140.81,140.57,140.752,73943
30,2023-09-29 12:00:00,140.56,140.96,140.425,140.695,158638
31,2023-09-29 11:45:00,140.74,140.77,140.47,140.565,108815
32,2023-09-29 11:30:00,141.15,141.21,140.65,140.72,98478
33,2023-09-29 11:15:00,141.11,141.52,141.08,141.15,122400
34,2023-09-29 11:00:00,141.46,141.51,141.08,141.125,196572
35,2023-09-29 10:45:00,141.515,141.73,141.37,141.47,202369
36,2023-09-29 10:30:00,141.42,141.6,141.33,141.52,148998
37,2023-09-29 10:15:00,141.5,141.674,141.34,141.41,120672
38,2023-09-29 10:00:00,141.78,141.86,141.23,141.51,201106
39,2023-09-29 09:45:00,141.28,141.85,140.88,141.78,211692
40,2023-09-29 09:30:00,142.0,142.13,141.076,141.32,230558
41,2023-09-29 09:15:00,142.25,142.26,141.93,141.93,1870
42,2023-09-29 09:00:00,142.23,142.35,141.58,142.2,5912
43,2023-09-29 08:45:00,142.19,142.23,142.005,142.23,29
44,2023-09-29 08:30:00,141.95,142.45,141.905,142.23,847
45,2023-09-29 08:15:00,142.01,142.18,141.99,142.12,533
46,2023-09-29 08:00:00,141.98,142.24,141.525,142.012,837
47,2023-09-29 07:45:00,141.91,141.91,141.9,141.9,362
48,2023-09-29 07:30:00,141.98,142.07,141.9,141.9,722
49,2023-09-29 07:15:00,141.98,142.08,141.91,141.95,190
50,2023-09-29 07:00:00,142.0,142.0,141.91,141.92,176
51,2023-09-29 06:30:00,142.0,142.0,142.0,142.0,20
52,2023-09-29 04:00:00,141.74,141.95,141.74,141.95,2
53,2023-09-28 19:45:00,141.7,141.7,141.58,141.7,147
54,2023-09-28 19:00:00,141.58,141.58,141.58,141.58,567699
55,2023-09-28 18:45:00,141.65,141.65,141.65,141.65,2
56,2023-09-28 18:30:00,141.58,141.65,141.58,141.58,567757
57,2023-09-28 18:15:00,141.61,141.675,141.61,141.675,12
58,2023-09-28 18:00:00,141.64,141.7,141.64,141.65,21
59,2023-09-28 17:45:00,141.7,141.7,141.58,141.58,81
60,2023-09-28 17:30:00,141.65,141.65,141.65,141.65,2
61,2023-09-28 17:15:00,141.58,141.7,141.58,141.7,39
62,2023-09-28 17:00:00,141.7,141.7,141.58,141.68,4364
63,2023-09-28 16:45:00,141.7,141.7,141.58,141.7,61
64,2023-09-28 16:30:00,141.69,141.7,141.58,141.58,112
65,2023-09-28 16:15:00,141.58,141.6,141.58,141.58,411
66,2023-09-28 16:00:00,141.58,143.67,141.46,143.67,1969209
67,2023-09-28 15:45:00,141.72,141.79,141.5,141.58,712191
68,2023-09-28 15:30:00,141.87,141.89,141.436,141.715,247576
69,2023-09-28 15:15:00,141.51,141.973,141.5,141.88,172783
70,2023-09-28 15:00:00,141.41,141.645,141.37,141.51,102816
71,2023-09-28 14:45:00,141.44,141.45,141.28,141.4,78715
72,2023-09-28 14:30:00,141.635,141.635,141.245,141.44,92594
73,2023-09-28 14:15:00,141.5,141.66,141.46,141.637,91689
74,2023-09-28 14:00:00,141.31,141.51,141.22,141.48,110799
75,2023-09-28 13:45:00,141.09,141.295,141.02,141.29,69161
76,2023-09-28 13:30:00,141.15,141.16,140.92,141.09,156379
77,2023-09-28 13:15:00,141.04,141.21,140.97,141.16,129022
78,2023-09-28 13:00:00,141.13,141.18,140.91,141.06,103682
79,2023-09-28 12:45:00,141.425,141.455,141.06,141.13,163025
80,2023-09-28 12:30:00,141.17,141.47,141.114,141.42,120004
81,2023-09-28 12:15:00,140.87,141.22,140.75,141.16,113538
82,2023-09-28 12:00:00,141.266,141.288,140.82,140.87,195839
83,2023-09-28 11:45:00,141.0,141.284,140.83,141.261,187295
84,2023-09-28 11:30:00,141.06,141.13,140.82,141.0,179990
85,2023-09-28 11:15:00,140.92,141.19,140.85,141.07,104877
86,2023-09-28 11:00:00,140.86,141.16,140.81,140.92,96637
87,2023-09-28 10:45:00,140.71,141.23,140.68,140.87,205335
88,2023-09-28 10:30:00,141.09,141.09,140.66,140.72,145226
89,2023-09-28 10:15:00,141.46,141.53,141.07,141.11,158518
90,2023-09-28 10:00:00,140.32,141.537,140.29,141.46,287821
91,2023-09-28 09:45:00,140.85,140.86,140.205,140.3,364196
92,2023-09-28 09:30:00,142.14,142.282,140.24,140.8,541310
93,2023-09-28 09:15:00,142.1,142.12,141.68,141.87,1858
94,2023-09-28 09:00:00,141.68,142.1,141.6,142.08,428
95,2023-09-28 08:45:00,141.8,141.89,141.68,141.7,1287
96,2023-09-28 08:30:00,142.47,142.5,141.88,141.93,7204
97,2023-09-28 08:15:00,142.6,142.63,142.5,142.53,446
98,2023-09-28 08:00:00,143.16,143.31,142.48,142.5,2434
99,2023-09-28 07:45:00,142.78,142.78,142.44,142.58,915
100,2023-09-28 07:30:00,142.81,142.81,142.78,142.78,452
101,2023-09-28 07:15:00,142.95,142.95,142.89,142.89,61
102,2023-09-28 07:00:00,143.3,143.3,142.71,142.93,886
103,2023-09-28 06:45:00,143.34,143.34,143.27,143.27,16
104,2023-09-28 06:30:00,143.01,143.42,143.01,143.32,147
105,2023-09-28 06:15:00,143.03,143.03,142.77,142.77,20
106,2023-09-28 06:00:00,143.01,143.33,143.01,143.32,55
107,2023-09-28 05:45:00,143.2,143.36,143.2,143.3,65
108,2023-09-28 05:15:00,143.07,143.07,143.07,143.07,1
109,2023-09-28 04:45:00,143.2,143.33,143.12,143.24,116
110,2023-09-28 04:30:00,143.04,143.08,143.04,143.06,50
111,2023-09-28 04:15:00,142.9,142.9,142.9,142.9,1
112,2023-09-28 04:00:00,143.14,143.15,142.7,142.7,7
113,2023-09-27 19:45:00,143.38,143.38,143.38,143.38,5
114,2023-09-27 19:30:00,143.38,143.38,143.38,143.38,10
115,2023-09-27 19:15:00,143.38,143.38,143.38,143.38,5
116,2023-09-27 19:00:00,143.17,143.38,143.17,143.38,801285
117,2023-09-27 18:30:00,143.17,143.38,143.17,143.19,801187
118,2023-09-27 18:15:00,143.25,143.28,143.19,143.28,45
119,2023-09-27 18:00:00,143.19,143.19,143.19,143.19,3
120,2023-09-27 17:45:00,143.25,143.48,143.25,143.28,193
121,2023-09-27 17:30:00,143.26,143.26,143.2,143.21,193
122,2023-09-27 17:15:00,143.29,143.29,143.24,143.24,10
123,2023-09-27 17:00:00,143.22,143.29,143.22,143.29,13
124,2023-09-27 16:45:00,143.32,143.32,143.18,143.18,30
125,2023-09-27 16:30:00,143.28,143.28,143.28,143.28,25
126,2023-09-27 16:15:00,143.17,143.28,143.17,143.28,1203
127,2023-09-27 16:00:00,143.17,143.38,143.095,143.17,2901265
128,2023-09-27 15:45:00,142.885,143.17,142.8,143.17,471392
129,2023-09-27 15:30:00,143.39,143.39,142.79,142.88,155069
130,2023-09-27 15:15:00,143.47,143.54,143.33,143.4,112158
131,2023-09-27 15:00:00,143.16,143.66,143.11,143.476,101126
132,2023-09-27 14:45:00,143.07,143.19,142.83,143.17,116850
133,2023-09-27 14:30:00,142.54,143.1,142.54,143.07,116084
134,2023-09-27 14:15:00,142.13,142.54,142.12,142.525,110765
135,2023-09-27 14:00:00,142.32,142.4,142.11,142.15,110076
136,2023-09-27 13:45:00,141.96,142.36,141.96,142.3,106696
137,2023-09-27 13:30:00,141.81,142.0,141.81,141.95,126160
138,2023-09-27 13:15:00,142.33,142.4,141.76,141.8,114084
139,2023-09-27 13:00:00,142.24,142.54,142.235,142.35,62020
140,2023-09-27 12:45:00,142.56,142.607,142.23,142.25,103847
141,2023-09-27 12:30:00,142.4,142.565,142.39,142.55,59501
142,2023-09-27 12:15:00,142.34,142.46,142.26,142.39,65322
143,2023-09-27 12:00:00,142.278,142.36,142.17,142.355,64198
144,2023-09-27 11:45:00,142.46,142.46,142.15,142.266,78777
145,2023-09-27 11:30:00,142.85,142.85,142.45,142.475,59949
146,2023-09-27 11:15:00,142.88,142.88,142.6,142.83,84039
147,2023-09-27 11:00:00,142.79,142.93,142.73,142.885,67800
148,2023-09-27 10:45:00,143.15,143.15,142.729,142.785,100697
149,2023-09-27 10:30:00,143.46,143.47,143.12,143.16,91115
150,2023-09-27 10:15:00,143.07,143.64,143.015,143.45,147659
151,2023-09-27 10:00:00,143.2,143.33,142.95,143.038,161318
152,2023-09-27 09:45:00,142.845,143.22,142.62,143.2,131807
153,2023-09-27 09:30:00,143.67,143.82,142.48,142.824,217754
154,2023-09-27 09:15:00,143.6,143.75,143.598,143.75,227
155,2023-09-27 09:00:00,143.67,143.78,143.5,143.5,6
156,2023-09-27 08:45:00,143.69,143.69,143.67,143.67,17
157,2023-09-27 08:30:00,143.3,143.69,143.3,143.69,6
158,2023-09-27 08:15:00,143.75,143.75,143.42,143.69,30
159,2023-09-27 08:00:00,143.71,143.9,143.24,143.75,224
160,2023-09-27 07:45:00,143.57,143.57,143.57,143.57,1
161,2023-09-27 07:15:00,143.67,143.72,143.65,143.71,481
162,2023-09-27 07:00:00,143.7,143.73,143.59,143.7,1006
163,2023-09-27 06:30:00,143.47,143.63,143.47,143.63,3
164,2023-09-27 05:30:00,143.54,143.63,143.46,143.47,120
165,2023-09-27 04:45:00,143.88,143.89,143.69,143.89,25
166,2023-09-27 04:15:00,143.63,143.63,143.63,143.63,1
167,2023-09-27 04:00:00,143.58,143.76,143.58,143.76,16
168,2023-09-26 19:45:00,143.4,143.59,143.4,143.59,177
169,2023-09-26 19:30:00,143.36,143.59,143.36,143.59,323
170,2023-09-26 19:15:00,143.4,143.45,143.4,143.42,76
171,2023-09-26 19:00:00,143.24,143.4,143.24,143.4,677205
172,2023-09-26 18:45:00,143.4,143.43,143.36,143.4,272
173,2023-09-26 18:30:00,143.24,143.4,143.24,143.4,677104
174,2023-09-26 18:15:00,143.52,143.52,143.4,143.4,68
175,2023-09-26 18:00:00,143.44,143.59,143.44,143.59,9
176,2023-09-26 17:45:00,143.4,143.44,143.4,143.44,402
177,2023-09-26 17:30:00,143.4,143.44,143.4,143.44,5
178,2023-09-26 17:15:00,143.59,143.59,143.59,143.59,10
179,2023-09-26 17:00:00,143.44,143.59,143.41,143.499,134
180,2023-09-26 16:45:00,143.45,143.51,143.24,143.24,31477
181,2023-09-26 16:30:00,143.5,143.6,143.4,143.6,50
182,2023-09-26 16:15:00,143.24,150.0,143.24,150.0,7282
183,2023-09-26 16:00:00,143.24,143.68,143.0,143.35,2149863
184,2023-09-26 15:45:00,143.475,143.5,143.22,143.24,575932
185,2023-09-26 15:30:00,143.31,143.535,143.305,143.47,199781
186,2023-09-26 15:15:00,143.48,143.49,143.02,143.3,228129
187,2023-09-26 15:00:00,143.365,143.6,143.36,143.48,156832
188,2023-09-26 14:45:00,143.404,143.45,143.26,143.379,164519
189,2023-09-26 14:30:00,143.57,143.59,143.39,143.4,147746
190,2023-09-26 14:15:00,143.77,143.81,143.58,143.58,104398
191,2023-09-26 14:00:00,143.74,143.82,143.66,143.79,106701
192,2023-09-26 13:45:00,143.525,143.78,143.41,143.75,122173
193,2023-09-26 13:30:00,143.91,143.96,143.5,143.53,152464
194,2023-09-26 13:15:00,144.22,144.255,143.92,143.92,137999
195,2023-09-26 13:00:00,144.22,144.29,144.02,144.23,217377
196,2023-09-26 12:45:00,144.37,144.429,144.21,144.215,101554
197,2023-09-26 12:30:00,144.49,144.51,144.355,144.37,67388
198,2023-09-26 12:15:00,144.55,144.58,144.34,144.47,83691
199,2023-09-26 12:00:00,144.35,144.69,144.3,144.565,102956
200,2023-09-26 11:45:00,144.5,144.6,144.3,144.36,116766
201,2023-09-26 11:30:00,144.49,144.623,144.37,144.495,137241
202,2023-09-26 11:15:00,144.63,144.73,144.45,144.5,212855
203,2023-09-26 11:00:00,145.019,145.096,144.56,144.635,123031
204,2023-09-26 10:45:00,145.405,145.42,144.815,145.004,130447
205,2023-09-26 10:30:00,145.47,145.47,145.12,145.412,110017
206,2023-09-26 10:15:00,145.42,145.6,145.36,145.485,126147
207,2023-09-26 10:00:00,146.11,146.17,145.42,145.42,132833
208,2023-09-26 09:45:00,145.62,146.125,145.62,146.11,92204
209,2023-09-26 09:30:00,145.51,145.74,145.34,145.625,134293
210,2023-09-26 09:15:00,145.7,145.94,145.65,145.65,128
211,2023-09-26 09:00:00,145.68,145.88,145.48,145.85,178
212,2023-09-26 08:45:00,145.64,146.48,145.64,145.8,118
213,2023-09-26 08:30:00,146.2,146.2,145.525,145.525,1663
214,2023-09-26 08:15:00,146.05,146.15,146.05,146.05,99
215,2023-09-26 08:00:00,146.05,146.48,145.86,146.2,665
216,2023-09-26 07:45:00,146.25,146.25,146.1,146.1,202
217,2023-09-26 07:30:00,146.3,146.3,146.3,146.3,1
218,2023-09-26 07:15:00,146.19,146.19,146.19,146.19,2
219,2023-09-26 07:00:00,146.1,146.3,146.1,146.3,191
220,2023-09-26 06:30:00,145.98,146.0,145.98,146.0,110
221,2023-09-26 06:00:00,145.83,145.83,145.83,145.83,1
222,2023-09-26 05:00:00,146.03,146.03,146.03,146.03,4
223,2023-09-26 04:15:00,145.87,146.08,145.83,146.08,100
224,2023-09-26 04:00:00,146.1,146.18,145.81,145.81,100
225,2023-09-25 19:45:00,146.63,146.65,146.63,146.65,31
226,2023-09-25 19:30:00,146.45,146.45,146.45,146.45,2
227,2023-09-25 19:15:00,146.65,146.65,146.18,146.45,47
228,2023-09-25 19:00:00,146.48,146.63,146.48,146.48,397660
229,2023-09-25 18:45:00,146.5,146.65,146.48,146.48,82
230,2023-09-25 18:30:00,146.48,146.481,146.48,146.48,398246
231,2023-09-25 18:15:00,146.48,146.48,146.48,146.48,97
232,2023-09-25 18:00:00,146.55,146.55,146.55,146.55,5
233,2023-09-25 17:45:00,146.48,146.65,146.48,146.65,104
234,2023-09-25 17:30:00,146.633,146.633,146.633,146.633,100
235,2023-09-25 17:15:00,146.58,146.58,146.48,146.48,3
236,2023-09-25 17:00:00,146.48,146.48,146.48,146.48,1
237,2023-09-25 16:45:00,146.58,146.58,146.48,146.48,56
238,2023-09-25 16:30:00,146.48,146.58,146.48,146.58,5
239,2023-09-25 16:15:00,146.48,146.65,146.48,146.48,40
240,2023-09-25 16:00:00,146.45,146.5,146.08,146.48,1453037
241,2023-09-25 15:45:00,146.51,146.63,146.28,146.5,457485
242,2023-09-25 15:30:00,146.53,146.65,146.475,146.51,96886
243,2023-09-25 15:15:00,146.37,146.72,146.37,146.54,60480
244,2023-09-25 15:00:00,146.51,146.57,146.26,146.37,94780
245,2023-09-25 14:45:00,146.69,146.71,146.51,146.51,51422
246,2023-09-25 14:30:00,146.725,146.83,146.65,146.71,46680
247,2023-09-25 14:15:00,146.788,146.84,146.68,146.72,50609
248,2023-09-25 14:00:00,146.845,146.88,146.75,146.795,50294
249,2023-09-25 13:45:00,146.76,146.84,146.715,146.82,33211
250,2023-09-25 13:30:00,146.84,146.92,146.72,146.73,35894
251,2023-09-25 13:15:00,147.07,147.13,146.75,146.845,70253
252,2023-09-25 13:00:00,146.78,147.11,146.78,147.07,65596
253,2023-09-25 12:45:00,146.92,146.967,146.75,146.79,42841
254,2023-09-25 12:30:00,147.22,147.23,146.93,146.931,58645
255,2023-09-25 12:15:00,147.34,147.43,147.23,147.23,35198
256,2023-09-25 12:00:00,147.109,147.36,147.071,147.34,54185
257,2023-09-25 11:45:00,147.19,147.235,147.08,147.1,53524
258,2023-09-25 11:30:00,146.89,147.19,146.8,147.19,59383
259,2023-09-25 11:15:00,146.81,147.14,146.81,146.88,90841
260,2023-09-25 11:00:00,146.58,146.815,146.49,146.81,41675
261,2023-09-25 10:45:00,146.98,147.01,146.59,146.59,66584
262,2023-09-25 10:30:00,146.86,147.03,146.77,146.97,79258
263,2023-09-25 10:15:00,147.22,147.296,146.83,146.87,63510
264,2023-09-25 10:00:00,147.25,147.3,147.07,147.24,44956
265,2023-09-25 09:45:00,146.7,147.25,146.7,147.22,79759
266,2023-09-25 09:30:00,146.57,146.77,146.25,146.7,104202
267,2023-09-25 09:15:00,146.41,146.8,146.18,146.28,7830
268,2023-09-25 09:00:00,146.65,146.91,146.4,146.4,37821
269,2023-09-25 08:45:00,146.58,146.58,146.58,146.58,40
270,2023-09-25 08:30:00,146.58,146.58,146.58,146.58,4
271,2023-09-25 08:15:00,146.74,146.8,146.58,146.79,103
272,2023-09-25 08:00:00,146.65,147.32,146.07,146.68,345
273,2023-09-25 07:45:00,146.9,146.9,146.9,146.9,50
274,2023-09-25 07:30:00,146.78,146.81,146.68,146.81,62
275,2023-09-25 07:15:00,146.75,146.91,146.74,146.79,779
276,2023-09-25 07:00:00,146.77,146.78,146.54,146.54,27
277,2023-09-25 06:15:00,146.64,146.64,146.63,146.63,39
278,2023-09-25 05:15:00,146.37,146.78,146.37,146.78,139
279,2023-09-25 05:00:00,146.83,146.83,146.83,146.83,1
280,2023-09-25 04:30:00,146.52,146.52,146.33,146.33,43
281,2023-09-25 04:00:00,146.96,147.02,146.96,147.02,40
282,2023-09-22 19:45:00,146.9,146.9,146.85,146.9,49
283,2023-09-22 19:30:00,147.0,147.14,146.85,147.0,62
284,2023-09-22 19:15:00,147.0,147.04,146.85,146.85,18
285,2023-09-22 19:00:00,146.91,146.91,146.91,146.91,499193
286,2023-09-22 18:45:00,146.91,147.0,146.91,147.0,3
287,2023-09-22 18:30:00,146.91,146.91,146.91,146.91,499220
288,2023-09-22 18:00:00,147.05,147.05,147.05,147.05,3
289,2023-09-22 17:45:00,147.14,147.14,147.14,147.14,3
290,2023-09-22 17:30:00,147.05,147.14,146.91,147.14,7
291,2023-09-22 17:15:00,146.91,147.15,146.85,147.05,159
292,2023-09-22 17:00:00,147.15,147.15,147.15,147.15,2
293,2023-09-22 16:45:00,146.91,147.15,146.88,146.9,1008
294,2023-09-22 16:30:00,146.91,146.91,146.91,146.91,317
295,2023-09-22 16:15:00,146.91,147.18,146.89,146.89,1498
296,2023-09-22 16:00:00,146.89,147.18,146.85,146.91,1587597
297,2023-09-22 15:45:00,146.92,147.13,146.82,146.88,328615
298,2023-09-22 15:30:00,147.45,147.47,146.925,146.925,121747
299,2023-09-22 15:15:00,147.53,147.642,147.43,147.45,62125
300,2023-09-22 15:00:00,147.13,147.54,147.075,147.518,41424
301,2023-09-22 14:45:00,146.97,147.21,146.97,147.15,44995
302,2023-09-22 14:30:00,146.99,147.2,146.986,146.995,46462
303,2023-09-22 14:15:00,147.01,147.15,146.92,147.0,50688
304,2023-09-22 14:00:00,147.26,147.29,147.02,147.02,37799
305,2023-09-22 13:45:00,147.0,147.28,146.959,147.24,64937
306,2023-09-22 13:30:00,147.31,147.31,146.96,147.008,51798
307,2023-09-22 13:15:00,147.56,147.57,147.24,147.32,44795
308,2023-09-22 13:00:00,147.6,147.648,147.5,147.575,38588
309,2023-09-22 12:45:00,147.59,147.67,147.545,147.615,37674
310,2023-09-22 12:30:00,147.45,147.64,147.42,147.595,34191
311,2023-09-22 12:15:00,147.37,147.49,147.358,147.42,39895
312,2023-09-22 12:00:00,147.2,147.36,147.13,147.35,47847
313,2023-09-22 11:45:00,147.36,147.41,147.2,147.21,58347
314,2023-09-22 11:30:00,147.41,147.63,147.32,147.37,84905
315,2023-09-22 11:15:00,147.39,147.55,147.35,147.42,95606
316,2023-09-22 11:00:00,147.635,147.635,147.25,147.4,94852
317,2023-09-22 10:45:00,147.72,147.72,147.41,147.637,91814
318,2023-09-22 10:30:00,147.975,147.99,147.6,147.71,80196
319,2023-09-22 10:15:00,147.9,148.025,147.82,147.98,74800
320,2023-09-22 10:00:00,147.37,148.1,147.36,147.88,78854
321,2023-09-22 09:45:00,147.01,147.37,147.01,147.36,59190
322,2023-09-22 09:30:00,147.41,147.823,146.916,147.01,148605
323,2023-09-22 09:15:00,147.55,147.75,147.3,147.3,2722
324,2023-09-22 09:00:00,147.98,147.98,147.501,147.501,283
325,2023-09-22 08:45:00,147.61,147.98,147.5,147.51,465
326,2023-09-22 08:30:00,147.61,147.928,147.59,147.928,1903
327,2023-09-22 08:15:00,147.5,147.79,147.5,147.59,71
328,2023-09-22 08:00:00,147.29,147.91,147.29,147.843,2361
329,2023-09-22 07:45:00,147.52,147.52,147.51,147.52,32
330,2023-09-22 07:30:00,147.58,147.58,147.31,147.58,460
331,2023-09-22 07:15:00,147.57,147.68,147.57,147.58,13
332,2023-09-22 07:00:00,147.47,147.55,147.37,147.38,427
333,2023-09-22 06:45:00,147.47,147.47,147.47,147.47,4
334,2023-09-22 06:15:00,147.3,147.42,147.3,147.38,28
335,2023-09-22 05:45:00,147.45,147.6,147.4,147.4,132
336,2023-09-22 05:30:00,147.45,147.45,147.45,147.45,55
337,2023-09-22 04:45:00,147.45,147.45,147.45,147.45,9
338,2023-09-22 04:30:00,147.45,147.45,147.29,147.29,102
339,2023-09-22 04:15:00,147.38,147.38,147.38,147.38,1
340,2023-09-22 04:00:00,147.3,147.3,147.18,147.27,69
341,2023-09-21 19:45:00,147.45,147.5,147.4,147.5,52
342,2023-09-21 19:30:00,147.4,147.45,147.4,147.45,37
343,2023-09-21 19:15:00,147.57,147.58,147.4,147.4,27
344,2023-09-21 19:00:00,147.38,147.75,147.38,147.75,1006852
345,2023-09-21 18:45:00,147.5,147.58,147.1,147.58,24
346,2023-09-21 18:30:00,147.38,147.58,147.36,147.58,1006847
347,2023-09-21 18:15:00,147.3,147.36,147.3,147.36,22
348,2023-09-21 18:00:00,147.2,147.2,147.2,147.2,11
349,2023-09-21 17:45:00,147.25,147.25,147.25,147.25,1500
350,2023-09-21 17:30:00,147.25,147.3,147.25,147.25,394
351,2023-09-21 17:15:00,147.315,147.315,147.25,147.25,27
352,2023-09-21 17:00:00,147.26,147.38,147.25,147.25,24
353,2023-09-21 16:45:00,147.38,147.38,147.25,147.3,7930
354,2023-09-21 16:30:00,147.27,147.28,147.26,147.26,48
355,2023-09-21 16:15:00,147.35,147.42,147.18,147.27,3678
356,2023-09-21 16:00:00,147.4,147.49,147.2,147.37,3163990
357,2023-09-21 15:45:00,147.81,147.856,147.31,147.4,568888
358,2023-09-21 15:30:00,147.955,147.97,147.71,147.81,203498
359,2023-09-21 15:15:00,148.35,148.35,147.95,147.97,103025
360,2023-09-21 15:00:00,148.31,148.39,148.243,148.36,84804
361,2023-09-21 14:45:00,148.44,148.44,148.31,148.31,48149
362,2023-09-21 14:30:00,148.16,148.46,148.14,148.43,82051
363,2023-09-21 14:15:00,148.39,148.41,148.15,148.15,65278
364,2023-09-21 14:00:00,148.42,148.505,148.33,148.405,52804
365,2023-09-21 13:45:00,148.57,148.61,148.357,148.425,43699
366,2023-09-21 13:30:00,148.55,148.6,148.49,148.59,45077
367,2023-09-21 13:15:00,148.46,148.57,148.425,148.52,53902
368,2023-09-21 13:00:00,148.21,148.47,148.15,148.456,57036
369,2023-09-21 12:45:00,148.239,148.28,148.105,148.21,69541
370,2023-09-21 12:30:00,148.28,148.28,148.07,148.22,130554
371,2023-09-21 12:15:00,148.12,148.32,148.11,148.28,63315
372,2023-09-21 12:00:00,148.5,148.5,148.09,148.15,57253
373,2023-09-21 11:45:00,148.495,148.595,148.44,148.495,97292
374,2023-09-21 11:30:00,148.34,148.57,148.33,148.491,153310
375,2023-09-21 11:15:00,148.49,148.655,148.34,148.34,119151
376,2023-09-21 11:00:00,148.04,148.55,148.0,148.49,160034
377,2023-09-21 10:45:00,147.66,148.08,147.55,148.05,210582
378,2023-09-21 10:30:00,147.63,147.66,147.44,147.66,134631
379,2023-09-21 10:15:00,147.68,148.04,147.51,147.607,201174
380,2023-09-21 10:00:00,147.81,147.97,147.35,147.67,293585
381,2023-09-21 09:45:00,148.37,148.67,147.75,147.83,272890
382,2023-09-21 09:30:00,149.0,149.25,148.02,148.36,374532
383,2023-09-21 09:15:00,148.53,149.05,148.5,148.89,5803
384,2023-09-21 09:00:00,148.4,148.72,148.4,148.56,13767
385,2023-09-21 08:45:00,148.77,148.88,148.2,148.49,2819
386,2023-09-21 08:30:00,148.79,148.88,148.48,148.88,4205
387,2023-09-21 08:15:00,148.77,148.976,148.7,148.78,1187
388,2023-09-21 08:00:00,149.12,149.995,148.56,148.99,1975
389,2023-09-21 07:45:00,149.1,149.22,149.0,149.0,676
390,2023-09-21 07:30:00,148.85,149.1,148.85,149.1,1012
391,2023-09-21 07:15:00,148.66,148.75,148.58,148.75,180
392,2023-09-21 07:00:00,149.18,149.22,148.58,148.58,2504
393,2023-09-21 06:45:00,149.22,149.22,149.13,149.2,451
394,2023-09-21 06:15:00,149.22,149.22,149.13,149.13,87
395,2023-09-21 06:00:00,149.33,149.33,149.11,149.11,79
396,2023-09-21 05:45:00,149.31,149.41,149.31,149.37,49
397,2023-09-21 05:30:00,149.75,149.75,149.75,149.75,4
398,2023-09-21 05:00:00,149.47,149.47,149.47,149.47,1
399,2023-09-21 04:30:00,149.24,150.08,149.24,149.83,634
400,2023-09-21 04:15:00,149.25,149.25,149.25,149.25,2
401,2023-09-21 04:00:00,149.06,149.74,149.06,149.74,5
402,2023-09-20 19:45:00,149.68,149.79,149.65,149.79,1754
403,2023-09-20 19:30:00,149.69,149.69,149.5,149.68,917
404,2023-09-20 19:15:00,149.53,149.65,149.53,149.65,11
405,2023-09-20 19:00:00,149.83,149.83,149.5,149.5,468621
406,2023-09-20 18:45:00,149.75,149.75,149.65,149.65,317
407,2023-09-20 18:30:00,149.83,149.83,149.6,149.76,468672
408,2023-09-20 18:15:00,149.79,149.86,149.71,149.82,1089
409,2023-09-20 18:00:00,149.82,149.86,149.75,149.76,563
410,2023-09-20 17:45:00,149.82,149.82,149.725,149.82,724
411,2023-09-20 17:30:00,149.82,149.82,149.75,149.82,123
412,2023-09-20 17:15:00,149.8,149.82,149.71,149.82,13
413,2023-09-20 17:00:00,149.72,149.83,149.71,149.82,10488
414,2023-09-20 16:45:00,149.9,149.98,149.71,149.72,665
415,2023-09-20 16:30:00,149.81,150.0,149.81,149.9,806
416,2023-09-20 16:15:00,149.83,150.0,149.71,149.71,6810
417,2023-09-20 16:00:00,149.86,150.14,149.71,149.9,1478954
418,2023-09-20 15:45:00,149.775,150.0,149.64,149.86,792346
419,2023-09-20 15:30:00,150.25,150.27,149.72,149.76,289051
420,2023-09-20 15:15:00,149.93,150.27,149.8,150.26,194645
421,2023-09-20 15:00:00,150.43,150.55,149.855,149.93,230959
422,2023-09-20 14:45:00,150.64,150.64,150.33,150.46,162547
423,2023-09-20 14:30:00,150.4,150.659,150.31,150.65,228407
424,2023-09-20 14:15:00,149.95,150.48,149.889,150.4,159479
425,2023-09-20 14:00:00,149.83,150.35,149.43,149.96,422894
426,2023-09-20 13:45:00,149.91,150.005,149.62,149.92,208641
427,2023-09-20 13:30:00,150.38,150.385,149.88,149.92,258222
428,2023-09-20 13:15:00,150.43,150.48,150.305,150.37,173998
429,2023-09-20 13:00:00,150.495,150.64,150.35,150.423,158740
430,2023-09-20 12:45:00,150.591,150.78,150.43,150.505,177182
431,2023-09-20 12:30:00,150.877,150.878,150.305,150.604,275203
432,2023-09-20 12:15:00,151.17,151.188,150.63,150.87,322150
433,2023-09-20 12:00:00,151.74,151.74,151.03,151.185,454755
434,2023-09-20 11:45:00,151.71,151.93,151.51,151.738,455279
435,2023-09-20 11:30:00,151.21,151.925,151.21,151.71,479958
436,2023-09-20 11:15:00,151.035,151.4,151.027,151.23,343221
437,2023-09-20 11:00:00,150.79,151.14,150.775,151.02,438026
438,2023-09-20 10:45:00,150.67,150.86,150.511,150.79,260076
439,2023-09-20 10:30:00,150.675,150.71,150.28,150.66,395853
440,2023-09-20 10:15:00,149.92,150.76,149.85,150.69,841073
441,2023-09-20 10:00:00,149.27,149.95,149.249,149.91,375382
442,2023-09-20 09:45:00,148.97,149.42,148.82,149.27,346637
443,2023-09-20 09:30:00,148.36,149.23,148.13,148.96,594972
444,2023-09-20 09:15:00,148.0,148.32,148.0,148.32,1768
445,2023-09-20 09:00:00,147.99,148.23,147.9,148.0,3435
446,2023-09-20 08:45:00,147.98,148.0,147.88,147.885,3045
447,2023-09-20 08:30:00,147.9,147.99,147.7,147.98,7688
448,2023-09-20 08:15:00,147.54,148.0,147.54,147.9,7451
449,2023-09-20 08:00:00,147.65,147.8,144.35,147.6,3215
450,2023-09-20 07:45:00,147.66,147.69,147.65,147.65,610
451,2023-09-20 07:30:00,147.6,147.79,147.6,147.79,488
452,2023-09-20 07:15:00,147.39,147.54,147.39,147.5,1381
453,2023-09-20 07:00:00,147.16,147.31,146.91,147.31,1627
454,2023-09-20 06:45:00,147.17,147.17,147.17,147.17,2
455,2023-09-20 06:30:00,147.2,147.2,147.16,147.16,102
456,2023-09-20 05:45:00,147.2,147.2,147.14,147.16,58
457,2023-09-20 05:15:00,147.0,147.0,147.0,147.0,30
458,2023-09-20 04:45:00,147.0,147.0,147.0,147.0,16
459,2023-09-20 04:15:00,146.95,146.99,146.95,146.99,107
460,2023-09-20 04:00:00,146.52,147.0,146.21,146.96,682
461,2023-09-19 19:45:00,146.3,146.3,146.3,146.3,2
462,2023-09-19 19:30:00,146.62,146.7,146.52,146.52,16
463,2023-09-19 19:15:00,146.3,146.3,146.3,146.3,1
464,2023-09-19 19:00:00,146.52,146.52,146.52,146.52,508048
465,2023-09-19 18:45:00,146.6,146.7,146.6,146.7,2
466,2023-09-19 18:30:00,146.52,146.7,146.52,146.7,508055
467,2023-09-19 18:00:00,146.3,146.59,146.3,146.59,2
468,2023-09-19 17:45:00,146.7,146.7,146.7,146.7,4
469,2023-09-19 17:30:00,146.55,146.55,146.3,146.3,4
470,2023-09-19 17:15:00,146.7,146.7,146.59,146.59,11
471,2023-09-19 17:00:00,146.3,146.3,146.3,146.3,1
472,2023-09-19 16:45:00,146.52,146.69,146.3,146.52,19461
473,2023-09-19 16:30:00,146.7,146.7,146.52,146.52,28
474,2023-09-19 16:15:00,146.52,146.78,146.52,146.78,11
475,2023-09-19 16:00:00,146.55,146.73,146.01,146.53,1685605
476,2023-09-19 15:45:00,146.521,146.61,146.37,146.52,368712
477,2023-09-19 15:30:00,146.44,146.52,146.331,146.517,162492
478,2023-09-19 15:15:00,146.36,146.46,146.335,146.44,97371
479,2023-09-19 15:00:00,146.43,146.45,146.26,146.37,89716
480,2023-09-19 14:45:00,146.5,146.54,146.4,146.43,86499
481,2023-09-19 14:30:00,146.2,146.54,146.19,146.48,75764
482,2023-09-19 14:15:00,146.25,146.26,146.064,146.2,90861
483,2023-09-19 14:00:00,146.22,146.32,146.124,146.25,89590
484,2023-09-19 13:45:00,146.085,146.27,146.085,146.22,76904
485,2023-09-19 13:30:00,146.0,146.12,146.0,146.08,66817
486,2023-09-19 13:15:00,146.25,146.25,145.934,145.98,77919
487,2023-09-19 13:00:00,146.08,146.259,146.01,146.259,88173
488,2023-09-19 12:45:00,145.852,146.07,145.775,146.07,75449
489,2023-09-19 12:30:00,145.87,145.92,145.79,145.85,74591
490,2023-09-19 12:15:00,145.75,145.92,145.75,145.87,61574
491,2023-09-19 12:00:00,145.92,145.93,145.73,145.73,75730
492,2023-09-19 11:45:00,146.33,146.33,145.9,145.92,106757
493,2023-09-19 11:30:00,146.61,146.64,146.302,146.332,122411
494,2023-09-19 11:15:00,146.54,146.72,146.44,146.63,208026
495,2023-09-19 11:00:00,146.22,146.6,146.19,146.54,186036
496,2023-09-19 10:45:00,145.84,146.27,145.72,146.235,193331
497,2023-09-19 10:30:00,145.66,145.86,145.56,145.85,122977
498,2023-09-19 10:15:00,145.31,145.67,145.26,145.67,157603
499,2023-09-19 10:00:00,145.56,145.56,145.25,145.31,174805
500,2023-09-19 09:45:00,145.15,145.6,145.15,145.56,140787
501,2023-09-19 09:30:00,145.0,145.21,144.66,145.12,183970
502,2023-09-19 09:15:00,144.81,145.11,144.81,145.11,142
503,2023-09-19 09:00:00,145.15,145.15,144.68,144.9,909
504,2023-09-19 08:45:00,145.235,145.235,145.02,145.15,275
505,2023-09-19 08:30:00,145.16,145.19,145.0,145.1,44
506,2023-09-19 08:15:00,145.17,145.24,145.15,145.17,48
507,2023-09-19 08:00:00,145.09,145.24,143.5,145.11,133
508,2023-09-19 07:45:00,145.11,145.11,145.11,145.11,1
509,2023-09-19 07:00:00,145.0,145.16,145.0,145.16,15
510,2023-09-19 04:15:00,145.0,145.0,145.0,145.0,13
511,2023-09-19 04:00:00,145.49,145.5,145.49,145.5,20
512,2023-09-18 19:45:00,145.19,145.19,145.15,145.15,3
513,2023-09-18 19:30:00,145.15,145.15,145.15,145.15,2
514,2023-09-18 19:15:00,145.37,145.37,145.37,145.37,1
515,2023-09-18 19:00:00,145.09,145.37,145.09,145.35,491198
516,2023-09-18 18:45:00,145.37,145.37,145.37,145.37,7
517,2023-09-18 18:30:00,145.09,145.37,145.09,145.15,491229
518,2023-09-18 18:15:00,145.37,145.37,145.37,145.37,295
519,2023-09-18 18:00:00,145.37,145.37,145.37,145.37,7
520,2023-09-18 17:45:00,145.37,145.37,145.15,145.15,7
521,2023-09-18 17:30:00,145.15,145.15,145.15,145.15,46
522,2023-09-18 17:15:00,145.38,145.38,145.38,145.38,18
523,2023-09-18 17:00:00,145.09,145.38,145.09,145.38,37738
524,2023-09-18 16:45:00,145.38,145.38,145.38,145.38,1
525,2023-09-18 16:15:00,145.09,145.78,145.09,145.09,1200
526,2023-09-18 16:00:00,145.1,145.68,145.06,145.09,1571042
527,2023-09-18 15:45:00,145.2,145.22,145.06,145.1,343559
528,2023-09-18 15:30:00,145.3,145.44,145.195,145.21,129868
529,2023-09-18 15:15:00,145.31,145.39,145.2,145.3,77415
530,2023-09-18 15:00:00,145.29,145.31,145.23,145.305,60763
531,2023-09-18 14:45:00,145.41,145.43,145.229,145.29,50039
532,2023-09-18 14:30:00,145.39,145.415,145.35,145.4,39651
533,2023-09-18 14:15:00,145.5,145.525,145.39,145.41,41749
534,2023-09-18 14:00:00,145.525,145.525,145.37,145.49,58402
535,2023-09-18 13:45:00,145.6,145.62,145.435,145.504,43777
536,2023-09-18 13:30:00,145.68,145.685,145.52,145.595,31445
537,2023-09-18 13:15:00,145.57,145.67,145.553,145.63,33534
538,2023-09-18 13:00:00,145.66,145.702,145.563,145.575,53127
539,2023-09-18 12:45:00,145.8,145.83,145.65,145.67,34976
540,2023-09-18 12:30:00,145.77,145.87,145.71,145.82,35792
541,2023-09-18 12:15:00,145.9,145.97,145.73,145.73,35596
542,2023-09-18 12:00:00,145.795,145.98,145.77,145.9,71199
543,2023-09-18 11:45:00,145.9,145.93,145.705,145.79,48858
544,2023-09-18 11:30:00,145.685,145.91,145.66,145.87,79234
545,2023-09-18 11:15:00,145.68,145.81,145.62,145.685,63410
546,2023-09-18 11:00:00,145.745,145.82,145.64,145.68,49135
547,2023-09-18 10:45:00,145.93,146.0,145.696,145.75,61546
548,2023-09-18 10:30:00,145.58,145.92,145.58,145.918,62224
549,2023-09-18 10:15:00,145.4,145.61,145.37,145.59,66986
550,2023-09-18 10:00:00,145.7,145.83,145.335,145.39,73979
551,2023-09-18 09:45:00,146.08,146.459,145.44,145.68,85329
552,2023-09-18 09:30:00,145.77,146.48,145.77,146.052,143211
553,2023-09-18 09:15:00,145.53,145.99,145.507,145.507,458
554,2023-09-18 09:00:00,145.56,145.7,145.5,145.61,233
555,2023-09-18 08:45:00,145.7,145.7,145.7,145.7,25
556,2023-09-18 08:30:00,145.7,145.7,145.28,145.28,37
557,2023-09-18 08:15:00,145.7,145.79,145.506,145.79,83
558,2023-09-18 08:00:00,145.616,146.2,145.49,145.56,680
559,2023-09-18 07:45:00,145.64,145.68,145.62,145.63,308
560,2023-09-18 07:30:00,145.73,145.73,145.68,145.68,80
561,2023-09-18 07:15:00,145.78,145.78,145.72,145.72,33
562,2023-09-18 07:00:00,145.74,145.79,145.72,145.73,101
563,2023-09-18 06:45:00,145.79,145.79,145.79,145.79,80
564,2023-09-18 06:30:00,145.71,145.79,145.71,145.79,151
565,2023-09-18 06:15:00,145.79,145.79,145.69,145.69,100
566,2023-09-18 06:00:00,145.78,145.78,145.72,145.72,7
567,2023-09-18 05:45:00,145.74,145.79,145.68,145.78,559
568,2023-09-18 05:30:00,145.74,145.74,145.74,145.74,2
569,2023-09-18 05:00:00,145.64,145.79,145.6,145.6,1057
570,2023-09-18 04:45:00,145.64,145.64,145.64,145.64,1
571,2023-09-18 04:30:00,145.57,145.76,145.52,145.75,344
572,2023-09-18 04:15:00,145.91,145.96,145.43,145.44,181
573,2023-09-18 04:00:00,146.15,146.15,146.0,146.03,39
574,2023-09-15 19:45:00,146.03,146.03,146.03,146.03,2
575,2023-09-15 19:15:00,145.95,146.0,145.78,145.78,50
576,2023-09-15 19:00:00,145.99,146.04,145.99,146.0,1908742
577,2023-09-15 18:45:00,146.04,146.04,146.04,146.04,3
578,2023-09-15 18:30:00,145.99,146.04,145.76,146.04,1908718
579,2023-09-15 18:15:00,145.76,145.76,145.76,145.76,1
580,2023-09-15 18:00:00,146.07,146.07,145.99,145.99,2501
581,2023-09-15 17:30:00,146.07,146.07,145.75,145.75,20
582,2023-09-15 17:15:00,145.81,145.82,145.73,145.81,63
583,2023-09-15 17:00:00,145.99,146.07,145.71,145.99,5301
584,2023-09-15 16:45:00,145.96,145.96,140.0,145.96,50801
585,2023-09-15 16:30:00,145.95,145.99,145.81,145.96,2471
586,2023-09-15 16:15:00,145.99,145.99,145.8,145.99,213844
587,2023-09-15 16:00:00,145.96,145.993,145.8,145.9,6390270
588,2023-09-15 15:45:00,145.61,145.97,145.53,145.94,470830
589,2023-09-15 15:30:00,145.82,145.96,145.55,145.62,172205
590,2023-09-15 15:15:00,146.01,146.11,145.755,145.815,107311
591,2023-09-15 15:00:00,146.33,146.344,145.99,146.0,121376
592,2023-09-15 14:45:00,146.11,146.35,146.11,146.35,108084
593,2023-09-15 14:30:00,146.22,146.27,146.06,146.11,69740
594,2023-09-15 14:15:00,146.18,146.3,146.16,146.228,62175
595,2023-09-15 14:00:00,146.29,146.29,146.1,146.19,99400
596,2023-09-15 13:45:00,146.503,146.58,146.29,146.299,127483
597,2023-09-15 13:30:00,146.5,146.61,146.43,146.51,105755
598,2023-09-15 13:15:00,146.7,146.7,146.46,146.5,83480
599,2023-09-15 13:00:00,146.8,146.82,146.66,146.7,79019
600,2023-09-15 12:45:00,146.75,146.85,146.736,146.81,34650
601,2023-09-15 12:30:00,146.68,146.81,146.63,146.76,54309
602,2023-09-15 12:15:00,146.89,146.895,146.65,146.69,36923
603,2023-09-15 12:00:00,146.695,146.9,146.67,146.86,51675
604,2023-09-15 11:45:00,146.75,146.83,146.64,146.68,46561
605,2023-09-15 11:30:00,146.95,146.96,146.64,146.77,88783
606,2023-09-15 11:15:00,146.86,147.0,146.75,146.96,94005
607,2023-09-15 11:00:00,147.15,147.18,146.862,146.87,62821
608,2023-09-15 10:45:00,147.29,147.52,147.105,147.135,129892
609,2023-09-15 10:30:00,147.26,147.37,147.18,147.27,74478
610,2023-09-15 10:15:00,147.334,147.46,147.22,147.3,39915
611,2023-09-15 10:00:00,147.67,147.85,147.264,147.32,78786
612,2023-09-15 09:45:00,147.76,147.82,147.52,147.637,79319
613,2023-09-15 09:30:00,147.11,147.82,146.865,147.79,905111
614,2023-09-15 09:15:00,147.5,147.5,147.05,147.05,2309
615,2023-09-15 09:00:00,147.45,147.45,147.45,147.45,5
616,2023-09-15 08:45:00,147.58,147.9,147.35,147.4,314
617,2023-09-15 08:30:00,147.58,147.895,147.45,147.58,17
618,2023-09-15 08:15:00,147.5,147.58,147.45,147.5,25
619,2023-09-15 08:00:00,147.58,147.74,147.24,147.35,142
620,2023-09-15 07:45:00,147.46,147.46,147.46,147.46,10
621,2023-09-15 07:30:00,147.68,147.68,147.68,147.68,7
622,2023-09-15 07:15:00,147.8,147.8,147.8,147.8,1
623,2023-09-15 07:00:00,147.6,147.83,147.4,147.75,41
624,2023-09-15 06:00:00,147.87,147.87,147.87,147.87,1
625,2023-09-15 05:15:00,147.65,147.89,147.6,147.89,19
626,2023-09-15 04:30:00,147.65,147.65,147.65,147.65,1
627,2023-09-15 04:00:00,147.62,147.72,147.58,147.58,43
628,2023-09-14 19:45:00,147.57,147.62,147.37,147.37,32
629,2023-09-14 19:30:00,147.57,147.57,147.38,147.38,4
630,2023-09-14 19:15:00,147.38,147.62,147.37,147.37,3
631,2023-09-14 19:00:00,147.35,147.35,147.35,147.35,471815
632,2023-09-14 18:30:00,147.35,147.58,147.35,147.58,471817
633,2023-09-14 18:15:00,147.36,147.38,147.36,147.38,29
634,2023-09-14 17:45:00,147.58,147.58,147.58,147.58,10
635,2023-09-14 17:15:00,147.38,147.38,147.36,147.37,30
636,2023-09-14 17:00:00,147.38,147.38,147.36,147.36,7
637,2023-09-14 16:45:00,147.58,147.58,147.38,147.38,60
638,2023-09-14 16:30:00,147.45,147.5,147.35,147.5,12229
639,2023-09-14 16:15:00,147.35,147.7,147.35,147.7,6992
640,2023-09-14 16:00:00,147.39,148.126,147.104,147.35,1540309
641,2023-09-14 15:45:00,147.34,147.45,147.16,147.39,382808
642,2023-09-14 15:30:00,147.327,147.47,147.26,147.36,117187
643,2023-09-14 15:15:00,147.46,147.47,147.315,147.33,69536
644,2023-09-14 15:00:00,147.6,147.6,147.41,147.46,106511
645,2023-09-14 14:45:00,147.7,147.72,147.54,147.59,116527
646,2023-09-14 14:30:00,147.56,147.73,147.53,147.7,66273
647,2023-09-14 14:15:00,147.545,147.64,147.53,147.575,57807
648,2023-09-14 14:00:00,147.4,147.56,147.397,147.55,51209
649,2023-09-14 13:45:00,147.41,147.45,147.3,147.42,50604
650,2023-09-14 13:30:00,147.41,147.437,147.325,147.4,40571
651,2023-09-14 13:15:00,147.437,147.44,147.31,147.39,27173
652,2023-09-14 13:00:00,147.315,147.45,147.25,147.44,43019
653,2023-09-14 12:45:00,147.17,147.33,147.13,147.31,42906
654,2023-09-14 12:30:00,147.04,147.19,147.01,147.165,27700
655,2023-09-14 12:15:00,146.93,147.1,146.93,147.04,43014
656,2023-09-14 12:00:00,146.97,146.99,146.86,146.915,31139
657,2023-09-14 11:45:00,147.01,147.1,146.89,146.96,224835
658,2023-09-14 11:30:00,146.975,147.04,146.905,147.025,56012
659,2023-09-14 11:15:00,147.07,147.085,146.87,146.95,43990
660,2023-09-14 11:00:00,147.35,147.35,146.96,147.07,64752
661,2023-09-14 10:45:00,147.23,147.4,147.175,147.38,51333
662,2023-09-14 10:30:00,147.02,147.27,147.0,147.225,69576
663,2023-09-14 10:15:00,146.98,147.13,146.905,147.02,51794
664,2023-09-14 10:00:00,147.55,147.65,147.006,147.012,65422
665,2023-09-14 09:45:00,146.86,147.55,146.86,147.49,60846
666,2023-09-14 09:30:00,147.38,147.41,146.48,146.88,140466
667,2023-09-14 09:15:00,147.2,147.41,147.01,147.01,703
668,2023-09-14 09:00:00,147.15,147.395,147.0,147.19,1878
669,2023-09-14 08:45:00,146.55,147.08,146.55,147.08,431
670,2023-09-14 08:30:00,146.63,146.91,146.63,146.91,496
671,2023-09-14 08:15:00,146.71,146.88,146.61,146.63,129
672,2023-09-14 08:00:00,146.62,147.28,146.55,146.75,314
673,2023-09-14 07:45:00,146.77,146.77,146.76,146.76,10
674,2023-09-14 07:30:00,146.76,146.76,146.76,146.76,4
675,2023-09-14 07:15:00,146.83,146.87,146.83,146.83,3
676,2023-09-14 07:00:00,146.53,146.9,146.53,146.88,82
677,2023-09-14 06:45:00,146.78,146.84,146.78,146.84,28
678,2023-09-14 05:45:00,146.79,146.79,146.79,146.79,94
679,2023-09-14 05:30:00,146.85,146.95,146.85,146.95,19
680,2023-09-14 04:15:00,146.53,146.53,146.45,146.45,11
681,2023-09-14 04:00:00,146.6,146.92,146.54,146.6,14
682,2023-09-13 19:45:00,146.88,146.9,146.88,146.9,50
683,2023-09-13 19:30:00,146.8,146.88,146.57,146.57,99
684,2023-09-13 19:15:00,146.85,146.85,146.85,146.85,1
685,2023-09-13 19:00:00,146.55,146.55,146.55,146.55,374293
686,2023-09-13 18:45:00,146.55,146.58,146.55,146.56,30
687,2023-09-13 18:30:00,146.55,146.79,146.4,146.79,374296
688,2023-09-13 18:15:00,146.89,146.89,146.552,146.552,27
689,2023-09-13 17:30:00,146.4,146.4,146.4,146.4,1
690,2023-09-13 17:15:00,146.79,146.79,146.7,146.7,16
691,2023-09-13 17:00:00,146.51,146.72,146.08,146.536,652
692,2023-09-13 16:45:00,146.55,146.79,146.48,146.69,7
693,2023-09-13 16:30:00,146.7,146.79,146.69,146.69,15
694,2023-09-13 16:15:00,146.55,146.79,146.55,146.79,3
695,2023-09-13 16:00:00,146.54,146.75,145.509,146.66,1199487
696,2023-09-13 15:45:00,146.582,146.785,146.5,146.58,364148
697,2023-09-13 15:30:00,146.45,146.63,146.41,146.585,106618
698,2023-09-13 15:15:00,146.34,146.5,146.33,146.44,65564
699,2023-09-13 15:00:00,146.48,146.485,146.31,146.33,67531
700,2023-09-13 14:45:00,146.58,146.67,146.33,146.47,70951
701,2023-09-13 14:30:00,146.669,146.69,146.56,146.6,44634
702,2023-09-13 14:15:00,146.69,146.7,146.575,146.67,51004
703,2023-09-13 14:00:00,146.635,146.72,146.56,146.69,47069
704,2023-09-13 13:45:00,146.67,146.715,146.61,146.64,44083
705,2023-09-13 13:30:00,146.62,146.71,146.6,146.69,38757
706,2023-09-13 13:15:00,146.57,146.7,146.56,146.61,43202
707,2023-09-13 13:00:00,146.49,146.625,146.46,146.56,47809
708,2023-09-13 12:45:00,146.23,146.53,146.22,146.47,40366
709,2023-09-13 12:30:00,146.399,146.47,146.25,146.25,29524
710,2023-09-13 12:15:00,146.27,146.49,146.26,146.395,43033
711,2023-09-13 12:00:00,146.27,146.315,146.133,146.27,239928
712,2023-09-13 11:45:00,146.32,146.34,146.05,146.26,76644
713,2023-09-13 11:30:00,146.46,146.49,146.27,146.335,41303
714,2023-09-13 11:15:00,146.42,146.5,146.28,146.46,57420
715,2023-09-13 11:00:00,146.3,146.46,146.27,146.41,58965
716,2023-09-13 10:45:00,146.02,146.41,145.92,146.3,61613
717,2023-09-13 10:30:00,146.26,146.304,146.0,146.01,65981
718,2023-09-13 10:15:00,146.29,146.38,146.09,146.26,73928
719,2023-09-13 10:00:00,146.88,146.9,146.275,146.29,112181
720,2023-09-13 09:45:00,146.87,146.97,146.62,146.85,111234
721,2023-09-13 09:30:00,145.95,146.98,145.95,146.82,165196
722,2023-09-13 09:15:00,146.05,146.29,145.76,146.06,52
723,2023-09-13 09:00:00,145.6,146.285,145.6,145.76,57
724,2023-09-13 08:45:00,145.6,146.29,145.6,145.71,142
725,2023-09-13 08:30:00,145.77,145.97,145.6,145.6,589
726,2023-09-13 08:15:00,146.18,146.18,145.75,145.77,624
727,2023-09-13 08:00:00,145.8,146.4,145.765,145.82,1897
728,2023-09-13 07:45:00,145.99,146.13,145.83,146.13,1814
729,2023-09-13 07:30:00,146.03,146.17,145.97,145.97,54
730,2023-09-13 07:00:00,145.81,145.81,145.55,145.81,674
731,2023-09-13 06:45:00,145.78,145.81,145.73,145.81,611
732,2023-09-13 06:30:00,145.78,145.78,145.78,145.78,302
733,2023-09-13 06:15:00,145.72,145.78,145.72,145.78,279
734,2023-09-13 06:00:00,145.81,145.81,145.51,145.73,248
735,2023-09-13 05:30:00,145.8,146.0,145.51,146.0,109
736,2023-09-13 05:15:00,146.14,146.14,145.81,145.81,33
737,2023-09-13 04:45:00,146.22,146.3,146.22,146.29,63
738,2023-09-13 04:30:00,146.3,146.3,146.3,146.3,117
739,2023-09-13 04:15:00,146.41,146.41,146.3,146.3,2
740,2023-09-13 04:00:00,146.3,146.49,146.3,146.49,14
741,2023-09-12 19:45:00,146.1,146.49,146.1,146.49,28
742,2023-09-12 19:30:00,146.49,146.49,146.49,146.49,1
743,2023-09-12 19:00:00,146.3,146.49,146.3,146.49,592320
744,2023-09-12 18:45:00,146.2,146.49,146.1,146.49,76
745,2023-09-12 18:30:00,146.3,146.463,146.2,146.2,592531
746,2023-09-12 18:15:00,146.3,146.49,146.3,146.49,7
747,2023-09-12 18:00:00,146.49,146.49,146.1,146.1,69
748,2023-09-12 17:45:00,146.3,146.49,146.3,146.49,8
749,2023-09-12 17:30:00,146.3,146.31,146.1,146.1,28
750,2023-09-12 17:15:00,146.3,146.3,146.3,146.3,122
751,2023-09-12 17:00:00,146.37,146.5,146.3,146.3,116153
752,2023-09-12 16:45:00,146.38,146.6,146.38,146.6,24
753,2023-09-12 16:30:00,146.013,146.3,146.013,146.3,52
754,2023-09-12 16:15:00,146.3,146.6,146.0,146.6,4890
755,2023-09-12 16:00:00,146.3,146.63,146.02,146.29,1848987
756,2023-09-12 15:45:00,146.09,146.33,146.0,146.3,541700
757,2023-09-12 15:30:00,145.98,146.21,145.97,146.08,230161
758,2023-09-12 15:15:00,146.11,146.12,145.8,145.98,176601
759,2023-09-12 15:00:00,146.39,146.39,145.93,146.11,222033
760,2023-09-12 14:45:00,146.68,146.7,146.39,146.39,110608
761,2023-09-12 14:30:00,146.66,146.8,146.65,146.68,91977
762,2023-09-12 14:15:00,146.88,146.92,146.62,146.66,82182
763,2023-09-12 14:00:00,146.83,146.93,146.781,146.89,67421
764,2023-09-12 13:45:00,147.19,147.2,146.83,146.845,74804
765,2023-09-12 13:30:00,147.3,147.38,147.19,147.2,82702
766,2023-09-12 13:15:00,147.27,147.48,147.22,147.295,90518
767,2023-09-12 13:00:00,147.31,147.375,147.27,147.27,73236
768,2023-09-12 12:45:00,147.25,147.31,147.17,147.3,76696
769,2023-09-12 12:30:00,147.4,147.46,147.22,147.24,62662
770,2023-09-12 12:15:00,147.51,147.56,147.41,147.44,54180
771,2023-09-12 12:00:00,147.58,147.63,147.44,147.51,71315
772,2023-09-12 11:45:00,147.56,147.67,147.53,147.57,76886
773,2023-09-12 11:30:00,147.5,147.58,147.33,147.575,96459
774,2023-09-12 11:15:00,147.325,147.51,147.3,147.49,114049
775,2023-09-12 11:00:00,147.065,147.38,146.99,147.33,102725
776,2023-09-12 10:45:00,146.91,147.1,146.76,147.05,190150
777,2023-09-12 10:30:00,146.55,147.1,146.54,146.925,184374
778,2023-09-12 10:15:00,146.83,146.84,146.46,146.57,147290
779,2023-09-12 10:00:00,147.12,147.195,146.73,146.84,150491
780,2023-09-12 09:45:00,146.63,147.17,146.61,147.115,161262
781,2023-09-12 09:30:00,147.92,148.0,146.51,146.653,338245
782,2023-09-12 09:15:00,147.97,147.99,147.5,147.77,282
783,2023-09-12 09:00:00,147.82,148.0,147.5,147.81,237
784,2023-09-12 08:45:00,148.38,148.38,147.77,147.77,4
785,2023-09-12 08:30:00,147.97,147.99,147.82,147.99,27
786,2023-09-12 08:15:00,147.83,148.0,147.64,147.81,417
787,2023-09-12 08:00:00,148.0,148.38,147.52,147.995,540
788,2023-09-12 07:45:00,147.81,147.88,147.62,147.75,398
789,2023-09-12 07:30:00,147.81,147.81,147.78,147.78,175
790,2023-09-12 07:15:00,147.89,147.89,147.88,147.88,75
791,2023-09-12 07:00:00,147.94,147.97,147.93,147.97,106
792,2023-09-12 06:45:00,147.9,147.96,147.9,147.96,60
793,2023-09-12 06:30:00,147.96,147.96,147.71,147.81,718
794,2023-09-12 06:15:00,147.85,147.98,147.85,147.98,56
795,2023-09-12 06:00:00,147.82,147.82,147.79,147.79,353
796,2023-09-12 05:30:00,147.88,147.9,147.82,147.82,231
797,2023-09-12 05:15:00,147.81,147.81,147.81,147.81,1
798,2023-09-12 05:00:00,147.81,147.81,147.81,147.81,16
799,2023-09-12 04:15:00,147.79,147.79,147.79,147.79,1
800,2023-09-12 04:00:00,147.77,147.92,147.6,147.6,193
801,2023-09-11 19:45:00,148.38,148.38,148.36,148.36,12
802,2023-09-11 19:30:00,148.36,148.36,148.01,148.21,12
803,2023-09-11 19:15:00,148.21,148.21,148.01,148.01,4
804,2023-09-11 19:00:00,148.38,148.38,148.38,148.38,462649
805,2023-09-11 18:45:00,148.01,148.38,148.01,148.01,63
806,2023-09-11 18:30:00,148.38,148.38,148.01,148.01,462645
807,2023-09-11 18:00:00,148.01,148.01,148.01,148.01,1
808,2023-09-11 17:45:00,147.98,147.98,147.98,147.98,1
809,2023-09-11 17:30:00,148.31,148.38,147.98,148.38,1216
810,2023-09-11 17:15:00,148.3,148.3,148.2,148.232,44
811,2023-09-11 17:00:00,148.2,148.48,148.2,148.3,93
812,2023-09-11 16:45:00,148.22,148.22,148.22,148.22,10
813,2023-09-11 16:30:00,148.2,148.47,148.2,148.22,7589
814,2023-09-11 16:15:00,148.38,148.49,147.771,148.22,1510
815,2023-09-11 16:00:00,148.38,148.49,147.781,148.08,1625237
816,2023-09-11 15:45:00,148.01,148.39,147.95,148.38,468753
817,2023-09-11 15:30:00,148.06,148.08,147.97,148.02,124509
818,2023-09-11 15:15:00,147.94,148.08,147.895,148.06,90723
819,2023-09-11 15:00:00,147.91,148.0,147.87,147.94,79897
820,2023-09-11 14:45:00,148.07,148.09,147.86,147.9,73655
821,2023-09-11 14:30:00,147.98,148.11,147.98,148.066,76667
822,2023-09-11 14:15:00,147.93,147.99,147.89,147.97,68579
823,2023-09-11 14:00:00,147.92,147.97,147.82,147.93,60468
824,2023-09-11 13:45:00,147.94,147.97,147.87,147.92,39498
825,2023-09-11 13:30:00,147.93,148.02,147.84,147.93,61985
826,2023-09-11 13:15:00,147.8,147.94,147.79,147.929,57685
827,2023-09-11 13:00:00,147.96,147.97,147.8,147.8,41444
828,2023-09-11 12:45:00,147.969,147.97,147.92,147.96,44087
829,2023-09-11 12:30:00,147.95,147.99,147.85,147.968,52219
830,2023-09-11 12:15:00,147.88,147.98,147.79,147.935,64080
831,2023-09-11 12:00:00,147.673,147.89,147.65,147.88,76641
832,2023-09-11 11:45:00,147.815,147.86,147.6,147.67,66360
833,2023-09-11 11:30:00,147.67,147.81,147.62,147.806,76319
834,2023-09-11 11:15:00,147.72,147.76,147.58,147.68,75406
835,2023-09-11 11:00:00,147.82,147.83,147.65,147.73,58080
836,2023-09-11 10:45:00,147.94,147.98,147.765,147.84,66424
837,2023-09-11 10:30:00,148.14,148.14,147.82,147.96,51974
838,2023-09-11 10:15:00,148.07,148.15,147.94,148.12,96495
839,2023-09-11 10:00:00,147.71,148.1,147.62,148.07,146377
840,2023-09-11 09:45:00,148.35,148.35,147.69,147.69,79713
841,2023-09-11 09:30:00,148.57,148.78,148.25,148.35,358535
842,2023-09-11 09:15:00,147.98,148.72,147.86,148.6,5304
843,2023-09-11 09:00:00,147.95,148.0,147.71,147.834,536
844,2023-09-11 08:45:00,147.95,147.95,147.8,147.95,279
845,2023-09-11 08:30:00,147.53,147.95,147.53,147.63,8
846,2023-09-11 08:15:00,147.82,147.97,147.65,147.97,1483
847,2023-09-11 08:00:00,147.58,148.58,147.52,147.579,488
848,2023-09-11 07:45:00,147.65,147.83,147.53,147.83,356
849,2023-09-11 07:30:00,147.84,147.84,147.62,147.65,168
850,2023-09-11 07:15:00,147.85,147.97,147.84,147.84,138
851,2023-09-11 07:00:00,147.84,148.1,147.84,147.85,294
852,2023-09-11 06:15:00,147.88,147.88,147.82,147.82,151
853,2023-09-11 05:30:00,148.27,148.28,147.86,147.87,7
854,2023-09-11 05:15:00,147.86,147.86,147.86,147.86,11
855,2023-09-11 04:00:00,147.74,148.02,147.74,147.92,9
856,2023-09-08 19:45:00,147.73,147.74,147.73,147.74,50
857,2023-09-08 19:30:00,147.74,147.74,147.74,147.74,5
858,2023-09-08 19:15:00,147.585,147.585,147.585,147.585,23
859,2023-09-08 19:00:00,147.68,147.68,147.68,147.68,862605
860,2023-09-08 18:45:00,147.51,147.51,147.51,147.51,7
861,2023-09-08 18:30:00,147.68,147.74,147.68,147.74,862614
862,2023-09-08 18:00:00,147.9,147.9,147.87,147.87,3
863,2023-09-08 17:45:00,147.9,147.9,147.9,147.9,100
864,2023-09-08 17:30:00,147.9,147.9,147.74,147.9,110
865,2023-09-08 17:15:00,147.86,147.88,147.49,147.49,105
866,2023-09-08 17:00:00,147.68,147.99,147.68,147.68,3491
867,2023-09-08 16:45:00,147.68,148.04,147.68,147.68,116
868,2023-09-08 16:30:00,147.68,148.0,147.68,148.0,2
869,2023-09-08 16:15:00,147.68,148.07,147.68,147.68,9198
870,2023-09-08 16:00:00,147.69,148.07,147.68,147.68,3127361
871,2023-09-08 15:45:00,147.85,147.85,147.48,147.68,538921
872,2023-09-08 15:30:00,147.6,147.9,147.58,147.85,133419
873,2023-09-08 15:15:00,147.8,147.84,147.6,147.61,64519
874,2023-09-08 15:00:00,147.79,147.82,147.61,147.805,69540
875,2023-09-08 14:45:00,147.9,147.91,147.76,147.8,50794
876,2023-09-08 14:30:00,147.93,148.01,147.85,147.89,79762
877,2023-09-08 14:15:00,148.02,148.045,147.892,147.935,53701
878,2023-09-08 14:00:00,148.24,148.32,147.98,148.07,64827
879,2023-09-08 13:45:00,148.255,148.28,148.17,148.25,60948
880,2023-09-08 13:30:00,148.17,148.28,148.03,148.26,73271
881,2023-09-08 13:15:00,148.07,148.18,148.05,148.155,53868
882,2023-09-08 13:00:00,148.0,148.08,147.93,148.065,49682
883,2023-09-08 12:45:00,148.09,148.11,147.9,148.0,60974
884,2023-09-08 12:30:00,147.99,148.21,147.9,148.1,74880
885,2023-09-08 12:15:00,148.0,148.08,147.925,148.0,66895
886,2023-09-08 12:00:00,148.18,148.18,147.94,147.97,64111
887,2023-09-08 11:45:00,148.44,148.44,148.13,148.17,79817
888,2023-09-08 11:30:00,148.505,148.59,148.385,148.438,84143
889,2023-09-08 11:15:00,148.49,148.56,148.39,148.485,79174
890,2023-09-08 11:00:00,148.18,148.47,148.11,148.46,73246
891,2023-09-08 10:45:00,148.28,148.378,148.18,148.195,63087
892,2023-09-08 10:30:00,148.03,148.3,148.03,148.3,65344
893,2023-09-08 10:15:00,147.98,148.05,147.885,148.01,55309
894,2023-09-08 10:00:00,147.77,148.1,147.68,147.95,62087
895,2023-09-08 09:45:00,147.853,148.0,147.66,147.77,71695
896,2023-09-08 09:30:00,147.35,147.9,147.26,147.9,112610
897,2023-09-08 09:15:00,147.2,147.68,147.2,147.3,220
898,2023-09-08 09:00:00,147.65,147.68,147.5,147.5,133
899,2023-09-08 08:45:00,147.56,147.68,147.15,147.58,255
900,2023-09-08 08:30:00,147.51,147.58,147.15,147.15,88
901,2023-09-08 08:15:00,147.52,147.52,147.15,147.15,103
902,2023-09-08 08:00:00,147.68,147.76,145.51,147.54,291
903,2023-09-08 07:45:00,147.26,147.26,147.26,147.26,25
904,2023-09-08 07:15:00,147.39,147.39,147.26,147.26,99
905,2023-09-08 07:00:00,147.4,147.5,147.4,147.47,79
906,2023-09-08 06:15:00,147.35,147.35,147.24,147.24,16
907,2023-09-08 04:45:00,147.51,147.51,147.51,147.51,21
908,2023-09-08 04:15:00,147.34,147.34,147.34,147.34,1
909,2023-09-08 04:00:00,147.7,148.02,147.7,148.02,40
910,2023-09-07 19:45:00,147.41,147.5,147.41,147.5,53
911,2023-09-07 19:30:00,147.64,147.69,147.64,147.69,2
912,2023-09-07 19:15:00,147.61,147.61,147.61,147.61,1
913,2023-09-07 19:00:00,147.52,147.52,147.52,147.52,404463
914,2023-09-07 18:30:00,147.52,147.7,147.4,147.503,404499
915,2023-09-07 18:15:00,147.5,147.5,147.5,147.5,24
916,2023-09-07 17:45:00,147.4,147.4,147.4,147.4,20
917,2023-09-07 17:30:00,147.4,147.4,147.4,147.4,3
918,2023-09-07 17:15:00,147.7,147.7,147.6,147.7,12
919,2023-09-07 17:00:00,147.49,147.5,147.31,147.33,263
920,2023-09-07 16:45:00,147.41,147.7,147.41,147.5,141430
921,2023-09-07 16:30:00,147.52,147.52,147.31,147.31,4254
922,2023-09-07 16:15:00,147.52,147.8,147.52,147.68,3847
923,2023-09-07 16:00:00,147.53,148.28,147.385,147.52,1816244
924,2023-09-07 15:45:00,147.77,147.87,147.4,147.53,352564
925,2023-09-07 15:30:00,147.73,147.79,147.65,147.775,108662
926,2023-09-07 15:15:00,147.7,147.829,147.65,147.739,69414
927,2023-09-07 15:00:00,147.815,147.815,147.56,147.68,47488
928,2023-09-07 14:45:00,147.83,147.84,147.64,147.8,65827
929,2023-09-07 14:30:00,147.89,147.94,147.7,147.815,40419
930,2023-09-07 14:15:00,147.97,148.03,147.87,147.905,36989
931,2023-09-07 14:00:00,148.03,148.084,147.92,148.0,52814
932,2023-09-07 13:45:00,148.055,148.09,147.944,148.033,38237
933,2023-09-07 13:30:00,148.2,148.225,148.06,148.06,47078
934,2023-09-07 13:15:00,148.1,148.19,148.06,148.186,41274
935,2023-09-07 13:00:00,148.09,148.18,148.05,148.11,51524
936,2023-09-07 12:45:00,148.165,148.23,148.04,148.06,48898
937,2023-09-07 12:30:00,148.19,148.24,148.044,148.165,61637
938,2023-09-07 12:15:00,147.99,148.21,147.92,148.175,91553
939,2023-09-07 12:00:00,147.88,147.98,147.81,147.98,91924
940,2023-09-07 11:45:00,147.788,147.94,147.76,147.89,62185
941,2023-09-07 11:30:00,147.76,147.947,147.75,147.775,59962
942,2023-09-07 11:15:00,147.81,147.82,147.51,147.76,69794
943,2023-09-07 11:00:00,147.95,148.025,147.7,147.81,80357
944,2023-09-07 10:45:00,148.07,148.17,147.87,147.97,55538
945,2023-09-07 10:30:00,147.85,148.09,147.66,148.075,70345
946,2023-09-07 10:15:00,148.165,148.18,147.735,147.87,101590
947,2023-09-07 10:00:00,148.305,148.34,148.13,148.17,112451
948,2023-09-07 09:45:00,148.03,148.39,148.03,148.31,84553
949,2023-09-07 09:30:00,148.13,148.78,147.6,148.01,224623
950,2023-09-07 09:15:00,147.47,148.04,147.35,148.04,1266
951,2023-09-07 09:00:00,147.7,147.79,147.45,147.53,598
952,2023-09-07 08:45:00,147.56,147.7,147.205,147.69,1578
953,2023-09-07 08:30:00,147.82,147.97,147.11,147.79,2726
954,2023-09-07 08:15:00,147.9,148.0,147.365,147.83,116
955,2023-09-07 08:00:00,147.93,148.17,147.46,147.9,1161
956,2023-09-07 07:45:00,147.8,147.81,147.8,147.81,6
957,2023-09-07 07:30:00,147.88,147.9,147.81,147.81,82
958,2023-09-07 07:15:00,147.87,147.88,147.87,147.88,5
959,2023-09-07 07:00:00,147.8,147.86,147.55,147.86,212
960,2023-09-07 06:45:00,147.83,147.97,147.52,147.92,195
961,2023-09-07 06:30:00,147.85,147.85,147.52,147.84,34
962,2023-09-07 06:15:00,147.61,147.61,147.61,147.61,10
963,2023-09-07 06:00:00,147.9,147.9,147.9,147.9,16
964,2023-09-07 05:45:00,147.89,147.95,147.88,147.93,91
965,2023-09-07 05:30:00,147.9,147.97,147.9,147.95,90
966,2023-09-07 05:00:00,147.52,147.52,147.52,147.52,16
967,2023-09-07 04:45:00,147.63,147.63,147.52,147.52,86
968,2023-09-07 04:30:00,147.82,147.82,147.58,147.68,160
969,2023-09-07 04:00:00,148.17,148.17,148.17,148.17,88
970,2023-09-06 19:45:00,148.06,148.06,147.82,147.82,206
971,2023-09-06 19:30:00,147.85,147.85,147.85,147.85,4
972,2023-09-06 19:15:00,147.83,147.83,147.82,147.82,21
973,2023-09-06 19:00:00,148.06,148.06,147.81,147.84,574491
974,2023-09-06 18:45:00,147.87,148.3,147.39,148.0,1510
975,2023-09-06 18:30:00,148.06,148.06,148.06,148.06,574362
976,2023-09-06 18:15:00,147.86,148.3,147.86,148.3,11
977,2023-09-06 17:45:00,148.06,148.06,148.06,148.06,171
978,2023-09-06 17:15:00,147.86,147.86,147.86,147.86,23
979,2023-09-06 17:00:00,147.8,148.3,147.8,148.3,38
980,2023-09-06 16:45:00,148.2,148.2,147.73,148.1,85
981,2023-09-06 16:30:00,148.0,148.08,148.0,148.06,25
982,2023-09-06 16:15:00,148.06,148.06,147.83,148.0,13
983,2023-09-06 16:00:00,148.06,148.08,147.381,148.06,1818526
984,2023-09-06 15:45:00,148.16,148.16,147.96,148.08,380965
985,2023-09-06 15:30:00,148.01,148.16,148.01,148.15,108595
986,2023-09-06 15:15:00,147.95,148.055,147.93,148.0,76135
987,2023-09-06 15:00:00,147.92,147.93,147.77,147.93,66453
988,2023-09-06 14:45:00,148.03,148.04,147.84,147.905,78792
989,2023-09-06 14:30:00,147.95,148.04,147.92,148.02,75147
990,2023-09-06 14:15:00,147.86,147.99,147.79,147.94,57563
991,2023-09-06 14:00:00,147.59,147.89,147.59,147.87,55831
992,2023-09-06 13:45:00,147.49,147.713,147.45,147.6,63080
993,2023-09-06 13:30:00,147.58,147.58,147.29,147.46,82003
994,2023-09-06 13:15:00,147.45,147.74,147.44,147.57,78240
995,2023-09-06 13:00:00,147.41,147.47,147.26,147.461,54844
996,2023-09-06 12:45:00,147.5,147.52,147.34,147.415,46916
997,2023-09-06 12:30:00,147.63,147.68,147.43,147.475,94626
998,2023-09-06 12:15:00,147.872,147.89,147.68,147.71,54224
999,2023-09-06 12:00:00,147.9,147.958,147.765,147.862,43091
1000,2023-09-06 11:45:00,148.07,148.135,147.94,147.94,60413
1001,2023-09-06 11:30:00,148.07,148.09,147.897,148.06,74448
1002,2023-09-06 11:15:00,147.745,148.13,147.73,148.055,97694
1003,2023-09-06 11:00:00,147.9,148.1,147.721,147.732,62986
1004,2023-09-06 10:45:00,148.09,148.165,147.78,147.89,83258
1005,2023-09-06 10:30:00,148.07,148.33,147.94,148.08,117599
1006,2023-09-06 10:15:00,148.14,148.15,147.94,148.087,61246
1007,2023-09-06 10:00:00,147.94,148.18,147.73,148.1,72450
1008,2023-09-06 09:45:00,147.56,147.993,147.56,147.99,56200
1009,2023-09-06 09:30:00,147.66,147.725,147.12,147.48,154659
1010,2023-09-06 09:15:00,147.93,148.2,147.44,147.44,2590
1011,2023-09-06 09:00:00,147.9,148.13,147.9,147.92,17
1012,2023-09-06 08:45:00,147.92,148.186,147.92,147.93,31
1013,2023-09-06 08:30:00,148.13,148.2,147.92,148.07,278
1014,2023-09-06 08:15:00,148.166,148.28,148.09,148.224,168
1015,2023-09-06 08:00:00,148.02,148.24,146.01,148.0,72
1016,2023-09-06 07:45:00,148.02,148.02,148.02,148.02,6
1017,2023-09-06 07:00:00,148.02,148.02,148.02,148.02,1
1018,2023-09-06 06:00:00,148.02,148.02,148.02,148.02,10
1019,2023-09-06 05:30:00,147.95,147.95,147.95,147.95,20
1020,2023-09-06 05:15:00,148.1,148.1,148.1,148.1,1
1021,2023-09-06 04:15:00,148.0,148.09,148.0,148.09,6
1022,2023-09-06 04:00:00,148.09,148.13,148.09,148.13,12
1023,2023-09-05 19:45:00,148.29,148.29,148.01,148.05,1839
1024,2023-09-05 19:30:00,148.19,148.19,148.19,148.19,1
1025,2023-09-05 19:15:00,148.06,148.06,148.06,148.06,1
1026,2023-09-05 19:00:00,148.13,148.27,148.05,148.05,503263
1027,2023-09-05 18:45:00,148.05,148.2,148.05,148.2,3
1028,2023-09-05 18:30:00,148.13,148.13,148.05,148.05,503252
1029,2023-09-05 18:15:00,148.05,148.06,148.05,148.06,41
1030,2023-09-05 18:00:00,148.29,148.29,148.29,148.29,4
1031,2023-09-05 17:45:00,148.05,148.05,148.05,148.05,20
1032,2023-09-05 17:30:00,148.055,148.055,148.055,148.055,4
1033,2023-09-05 17:15:00,148.29,148.29,148.05,148.29,18
1034,2023-09-05 17:00:00,148.07,148.27,147.96,148.27,4
1035,2023-09-05 16:45:00,148.28,148.28,148.27,148.27,456
1036,2023-09-05 16:30:00,148.204,148.204,148.204,148.204,5
1037,2023-09-05 16:15:00,148.13,148.58,148.0,148.21,195
1038,2023-09-05 16:00:00,148.13,148.58,147.88,148.13,1591616
1039,2023-09-05 15:45:00,148.55,148.559,148.08,148.13,477721
1040,2023-09-05 15:30:00,148.5,148.619,148.45,148.53,164385
1041,2023-09-05 15:15:00,148.63,148.635,148.475,148.51,92620
1042,2023-09-05 15:00:00,148.85,148.855,148.59,148.64,120552
1043,2023-09-05 14:45:00,148.87,148.94,148.71,148.85,98262
1044,2023-09-05 14:30:00,148.72,148.9,148.585,148.86,93588
1045,2023-09-05 14:15:00,148.57,148.75,148.55,148.72,105191
1046,2023-09-05 14:00:00,148.59,148.615,148.48,148.56,129470
1047,2023-09-05 13:45:00,148.365,148.625,148.365,148.59,53788
1048,2023-09-05 13:30:00,148.37,148.48,148.34,148.356,55930
1049,2023-09-05 13:15:00,148.5,148.5,148.34,148.4,60285
1050,2023-09-05 13:00:00,148.81,148.81,148.43,148.51,73801
1051,2023-09-05 12:45:00,148.7,148.823,148.655,148.82,72617
1052,2023-09-05 12:30:00,148.74,148.75,148.59,148.69,70518
1053,2023-09-05 12:15:00,148.821,148.86,148.74,148.74,78471
1054,2023-09-05 12:00:00,148.748,149.0,148.726,148.835,213296
1055,2023-09-05 11:45:00,148.62,148.75,148.56,148.745,77626
1056,2023-09-05 11:30:00,148.42,148.646,148.368,148.619,110716
1057,2023-09-05 11:15:00,148.385,148.47,148.27,148.4,78614
1058,2023-09-05 11:00:00,148.29,148.45,148.25,148.39,78147
1059,2023-09-05 10:45:00,148.34,148.5,148.25,148.27,78279
1060,2023-09-05 10:30:00,148.6,148.635,148.28,148.33,172550
1061,2023-09-05 10:15:00,148.35,148.61,148.28,148.591,105777
1062,2023-09-05 10:00:00,148.155,148.43,148.12,148.36,128331
1063,2023-09-05 09:45:00,147.86,148.22,147.584,148.12,144092
1064,2023-09-05 09:30:00,147.91,148.05,147.572,147.84,199206
1065,2023-09-05 09:15:00,147.53,147.88,147.38,147.38,100
1066,2023-09-05 09:00:00,147.55,147.55,147.365,147.52,532
1067,2023-09-05 08:45:00,147.56,147.85,147.55,147.84,52
1068,2023-09-05 08:30:00,147.78,147.78,147.498,147.59,1806
1069,2023-09-05 08:15:00,147.89,147.98,147.79,147.79,2858
1070,2023-09-05 08:00:00,147.94,148.22,147.28,147.81,3498
1071,2023-09-05 07:45:00,147.99,147.99,147.8,147.8,290
1072,2023-09-05 07:30:00,147.8,147.99,147.8,147.99,1641
1073,2023-09-05 07:15:00,147.69,147.78,147.69,147.78,47
1074,2023-09-05 07:00:00,147.85,147.85,147.52,147.66,46
1075,2023-09-05 06:45:00,147.77,147.83,147.68,147.83,15
1076,2023-09-05 06:30:00,147.69,147.69,147.5,147.5,9
1077,2023-09-05 06:00:00,147.77,147.77,147.69,147.69,19
1078,2023-09-05 05:45:00,147.5,147.55,147.5,147.55,13
1079,2023-09-05 05:15:00,147.55,147.55,147.55,147.55,5
1080,2023-09-05 05:00:00,147.55,147.76,147.55,147.55,35
1081,2023-09-05 04:45:00,147.73,147.73,147.3,147.35,100
1082,2023-09-05 04:15:00,147.3,147.3,147.3,147.3,1
1083,2023-09-05 04:00:00,147.93,147.93,147.35,147.35,2
1084,2023-09-01 19:45:00,147.93,147.93,147.93,147.93,48
1085,2023-09-01 19:30:00,147.93,147.93,147.93,147.93,2
1086,2023-09-01 19:15:00,147.93,147.93,147.76,147.76,30
1087,2023-09-01 19:00:00,147.94,147.94,147.76,147.76,503193
1088,2023-09-01 18:30:00,147.94,147.94,147.92,147.93,503185
1089,2023-09-01 18:15:00,147.77,147.93,147.75,147.92,115
1090,2023-09-01 17:45:00,147.88,147.94,147.76,147.94,39
1091,2023-09-01 17:30:00,147.89,147.9,147.87,147.87,1093
1092,2023-09-01 17:15:00,147.89,147.89,147.89,147.89,1
1093,2023-09-01 17:00:00,147.95,147.95,147.88,147.88,128
1094,2023-09-01 16:45:00,147.75,147.97,147.75,147.96,17
1095,2023-09-01 16:30:00,147.75,147.75,147.75,147.75,6
1096,2023-09-01 16:15:00,147.94,148.0,147.75,147.75,25708
1097,2023-09-01 16:00:00,147.94,148.11,147.78,147.94,1583858
1098,2023-09-01 15:45:00,147.86,148.1,147.81,147.94,388583
1099,2023-09-01 15:30:00,147.73,147.9,147.71,147.86,104404
1100,2023-09-01 15:15:00,147.749,147.79,147.65,147.73,64479
1101,2023-09-01 15:00:00,147.66,147.75,147.65,147.75,49795
1102,2023-09-01 14:45:00,147.57,147.7,147.565,147.66,77776
1103,2023-09-01 14:30:00,147.45,147.555,147.36,147.555,52690
1104,2023-09-01 14:15:00,147.67,147.68,147.37,147.43,37652
1105,2023-09-01 14:00:00,147.58,147.67,147.5,147.67,42006
1106,2023-09-01 13:45:00,147.52,147.62,147.5,147.59,37595
1107,2023-09-01 13:30:00,147.57,147.6,147.506,147.54,34794
1108,2023-09-01 13:15:00,147.45,147.59,147.45,147.56,51876
1109,2023-09-01 13:00:00,147.32,147.435,147.3,147.41,31882
1110,2023-09-01 12:45:00,147.32,147.42,147.26,147.31,30430
1111,2023-09-01 12:30:00,147.27,147.39,147.26,147.302,33161
1112,2023-09-01 12:15:00,147.19,147.34,147.14,147.26,32493
1113,2023-09-01 12:00:00,147.02,147.19,146.92,147.175,59067
1114,2023-09-01 11:45:00,147.28,147.3,147.01,147.03,53917
1115,2023-09-01 11:30:00,147.16,147.326,147.125,147.28,43226
1116,2023-09-01 11:15:00,147.21,147.3,147.13,147.165,60155
1117,2023-09-01 11:00:00,147.41,147.525,147.13,147.2,47455
1118,2023-09-01 10:45:00,147.518,147.73,147.28,147.45,133612
1119,2023-09-01 10:30:00,147.5,147.57,147.38,147.5,82904
1120,2023-09-01 10:15:00,147.59,147.61,147.36,147.49,98491
1121,2023-09-01 10:00:00,147.65,147.84,147.43,147.6,186029
1122,2023-09-01 09:45:00,147.22,147.69,147.165,147.69,71408
1123,2023-09-01 09:30:00,147.26,147.71,147.0,147.271,215267
1124,2023-09-01 09:15:00,147.28,147.36,146.83,146.99,340
1125,2023-09-01 09:00:00,147.29,147.355,147.2,147.28,102
1126,2023-09-01 08:45:00,147.08,147.35,147.02,147.3,348
1127,2023-09-01 08:30:00,147.22,147.47,147.08,147.08,616
1128,2023-09-01 08:15:00,147.25,147.25,147.0,147.0,86
1129,2023-09-01 08:00:00,146.99,147.25,146.49,147.25,130
1130,2023-09-01 07:15:00,147.18,147.25,147.18,147.25,41
1131,2023-09-01 07:00:00,147.01,147.25,147.01,147.18,37
1132,2023-09-01 06:30:00,147.25,147.25,147.25,147.25,1
1133,2023-09-01 06:15:00,147.12,147.12,147.12,147.12,23
1134,2023-09-01 05:45:00,146.92,146.92,146.9,146.9,14
1135,2023-09-01 05:30:00,147.01,147.01,146.9,146.9,2
1136,2023-09-01 05:00:00,146.88,147.09,146.88,147.09,44
1137,2023-09-01 04:45:00,147.35,147.35,147.35,147.35,8
1138,2023-09-01 04:30:00,147.39,147.39,147.39,147.39,26
1139,2023-09-01 04:15:00,146.83,146.83,146.83,146.83,2
