,cols_used,mse_val,mse_train,aggregated_shap
0,"('finbert_Score', 'bart_Score', 'vader_Score', 'mean_future', 'mean_influential')",0.0012111117830500007,0.0011354647764226784,"[[0.0029175  0.0026763  0.00354017 0.00155245 0.00117478]
 [0.00242723 0.00287651 0.00469989 0.00209067 0.00135167]
 [0.00267565 0.00303472 0.00633213 0.00188697 0.00168785]
 [0.00351229 0.00306662 0.00767852 0.00115233 0.00134383]
 [0.00363575 0.00269181 0.00801282 0.00144741 0.00117821]
 [0.00330592 0.00226237 0.00733381 0.0031631  0.00166793]
 [0.0034716  0.00290346 0.00615927 0.00494319 0.00260536]
 [0.00409087 0.0034473  0.00340997 0.0055048  0.00347212]
 [0.00450554 0.00338407 0.00278749 0.00436907 0.00381434]
 [0.00385233 0.00214543 0.0037788  0.00198475 0.00314745]]"
1,"('finbert_Score', 'bart_Score', 'mean_trustworthy', 'mean_clickbait', 'norm_rsi_14')",0.0012005985481664538,0.0013703374781764053,"[[0.00246744 0.00267985 0.00151502 0.00160121 0.00115152]
 [0.00455703 0.00183681 0.00166255 0.00109028 0.00111582]
 [0.00645129 0.00155282 0.00253467 0.00097811 0.00107938]
 [0.0078981  0.00242283 0.00319203 0.00086379 0.00098572]
 [0.00796909 0.00291804 0.00351786 0.00121419 0.00063448]
 [0.00609513 0.00320628 0.00379107 0.00151416 0.00056947]
 [0.00292267 0.00284198 0.00329535 0.00168233 0.00166481]
 [0.00277817 0.00230122 0.00218206 0.0016991  0.00277604]
 [0.00607116 0.00123882 0.0013837  0.00132726 0.00322756]
 [0.00651822 0.00095422 0.00094827 0.00088073 0.00251023]]"
2,"('finbert_Score', 'bart_Score', 'norm_rsi_gspc_14', 'norm_slowk_14', 'norm_roc_14')",0.0013430980034172535,0.0008746506047980059,"[[0.00260196 0.00293656 0.00545868 0.00335893 0.00113759]
 [0.00198846 0.00266494 0.0039435  0.00247708 0.00075455]
 [0.0025935  0.00189049 0.00253614 0.0018328  0.00106414]
 [0.003562   0.00169431 0.00134234 0.00121521 0.00126927]
 [0.00411916 0.00177315 0.00118253 0.00094334 0.00139405]
 [0.00347558 0.00247759 0.00177808 0.00129692 0.00124816]
 [0.00274287 0.00300407 0.00182871 0.00187749 0.00088146]
 [0.00247264 0.0034286  0.00122052 0.00221235 0.00056797]
 [0.0038893  0.00311666 0.00052894 0.00257831 0.00065848]
 [0.00404781 0.00228064 0.00054776 0.00230422 0.0007919 ]]"
3,"('finbert_Score', 'bart_Score', 'minmax_BA_Volume', 'log_return_5', 'log_return_1')",0.0011297150049358606,0.0010001065258885338,"[[0.00344036 0.00284407 0.00261901 0.00063589 0.00042289]
 [0.00335938 0.00219001 0.00258101 0.00087426 0.00052514]
 [0.00390694 0.00221789 0.00263223 0.00129257 0.00054538]
 [0.00480449 0.00280409 0.00275393 0.00136966 0.0005316 ]
 [0.00565748 0.00383373 0.00300539 0.00115067 0.0004487 ]
 [0.00625553 0.00417325 0.00311963 0.00076902 0.00032838]
 [0.00516028 0.00366832 0.00284831 0.00056473 0.00038672]
 [0.00254489 0.00324341 0.00209669 0.00067736 0.00035269]
 [0.00200256 0.00153496 0.00153527 0.0006347  0.0002757 ]
 [0.0038529  0.00052924 0.00222086 0.00029828 0.00018697]]"
4,"('finbert_Score', 'bart_Score', 'EURUSD=X_Close', 'minmax_daily_variation', 'minmax_high_close_pressure')",0.0010118025820702314,0.0015027502914977148,"[[1.51562844e-03 2.88658218e-03 1.21607885e-04 2.98419500e-03
  1.41080265e-03]
 [1.50562701e-03 1.93352676e-03 1.20002699e-04 2.65166155e-03
  1.52093835e-03]
 [1.55657424e-03 1.13828557e-03 1.06049050e-04 2.33929421e-03
  1.27125138e-03]
 [2.10324105e-03 1.08898890e-03 8.82124868e-05 1.61620865e-03
  1.17834778e-03]
 [2.35091924e-03 1.31745853e-03 7.19345258e-05 9.56308502e-04
  1.09924107e-03]
 [2.31904079e-03 1.28121569e-03 8.44538789e-05 7.52551245e-04
  7.13116900e-04]
 [1.57157648e-03 1.09142263e-03 1.06204522e-04 9.56864230e-04
  7.70574970e-04]
 [1.85745047e-03 9.75257776e-04 1.41946819e-04 9.68193454e-04
  9.79418153e-04]
 [4.57126111e-03 6.08553113e-04 1.84440124e-04 8.21939853e-04
  1.30927483e-03]
 [5.41600010e-03 2.53338824e-04 1.97080134e-04 1.22948436e-03
  1.19663074e-03]]"
5,"('finbert_Score', 'bart_Score', 'minmax_low_open_pressure', 'minmax_low_norm', 'minmax_close_norm')",0.001121519017033279,0.001017361735721802,"[[0.0019855  0.00317539 0.00112217 0.01077192 0.00566249]
 [0.0019365  0.00341565 0.00074895 0.00981754 0.00712031]
 [0.00157161 0.00327176 0.00122774 0.00857969 0.00744115]
 [0.00342579 0.00302592 0.0015188  0.00693312 0.00682653]
 [0.00500855 0.00278363 0.00153374 0.00537843 0.00536939]
 [0.00549523 0.00244827 0.00120159 0.00366894 0.00272054]
 [0.00431918 0.00190694 0.0008905  0.0019318  0.00098312]
 [0.00246902 0.00176302 0.0007848  0.00144444 0.00290071]
 [0.00387994 0.00163149 0.0007567  0.00224919 0.00408066]
 [0.00431403 0.00150662 0.00064275 0.00209745 0.00327257]]"
6,"('finbert_Score', 'vader_Score', 'mean_trustworthy', 'norm_rsi_gspc_14', 'minmax_BA_Volume')",0.0009793181670829654,0.0011177131064213097,"[[0.00496187 0.00399872 0.0038806  0.00373605 0.00418515]
 [0.00266508 0.00567778 0.00357726 0.00367534 0.00370376]
 [0.00357953 0.00700759 0.00362219 0.0029439  0.00324327]
 [0.00447863 0.00859614 0.00321144 0.00178012 0.00271564]
 [0.00482258 0.00764714 0.0024609  0.00128538 0.00212591]
 [0.00487164 0.00688501 0.00212658 0.00273225 0.00141122]
 [0.00431173 0.00638784 0.0022769  0.00392911 0.00082335]
 [0.00350618 0.00567411 0.00224656 0.00374312 0.00112549]
 [0.00283276 0.00519706 0.00236377 0.00207382 0.00133532]
 [0.00197611 0.00444053 0.00196766 0.00041483 0.0015422 ]]"
7,"('finbert_Score', 'vader_Score', 'mean_clickbait', 'norm_slowk_14', 'log_return_5')",0.0013137060450389981,0.0009176565709757408,"[[0.00186152 0.00305464 0.00121964 0.00660628 0.00112758]
 [0.00258884 0.00416902 0.00102007 0.00543228 0.00075106]
 [0.00284655 0.00526556 0.00135601 0.00390062 0.00057912]
 [0.00331235 0.00643124 0.0017146  0.00264259 0.0007212 ]
 [0.00420044 0.00608589 0.00225985 0.00206731 0.0007443 ]
 [0.00500906 0.00462201 0.00275963 0.00230996 0.00066781]
 [0.00468187 0.00357281 0.00340473 0.00359211 0.00060235]
 [0.0038965  0.0025649  0.00406066 0.00366133 0.00048726]
 [0.0029896  0.0026858  0.00430032 0.00277098 0.0003736 ]
 [0.00335223 0.00230711 0.00315496 0.00155179 0.00026944]]"
8,"('finbert_Score', 'vader_Score', 'norm_rsi_14', 'norm_roc_14', 'log_return_1')",0.0014396309852600098,0.0008724394212758035,"[[0.003074   0.0036699  0.00169253 0.00309881 0.00036437]
 [0.00279712 0.00399611 0.00226361 0.00251649 0.00065486]
 [0.00386528 0.00454021 0.00273027 0.00182753 0.00089903]
 [0.00442349 0.00504913 0.0030519  0.00155647 0.00105166]
 [0.0043401  0.00502152 0.00317715 0.00183378 0.00102418]
 [0.00439462 0.00455579 0.00303221 0.00174971 0.00075186]
 [0.00404998 0.00474859 0.00247959 0.00150564 0.0004239 ]
 [0.00381542 0.00527878 0.00157033 0.00142911 0.00065061]
 [0.00300391 0.00695366 0.00083267 0.00145542 0.00121598]
 [0.00249837 0.00831859 0.00076951 0.00120691 0.00140738]]"
9,"('finbert_Score', 'vader_Score', 'EURUSD=X_Close', 'minmax_low_open_pressure', 'minmax_high_norm')",0.001359438756480813,0.0015142397762596285,"[[2.97476679e-03 3.22745517e-03 1.52332227e-04 3.18550354e-04
  9.04138423e-04]
 [3.74238966e-03 4.29120585e-03 1.43872949e-04 2.66482450e-04
  8.90867282e-04]
 [4.80777402e-03 4.94930626e-03 1.29229100e-04 4.54376308e-04
  1.01511854e-03]
 [5.37046568e-03 5.35108513e-03 1.07970434e-04 7.21931914e-04
  1.13469418e-03]
 [5.58167652e-03 5.09280060e-03 8.07934207e-05 9.66462950e-04
  1.20768232e-03]
 [5.18298380e-03 4.42466958e-03 4.51500406e-05 1.18873915e-03
  1.14164169e-03]
 [3.38537773e-03 3.46066852e-03 4.44712260e-05 1.22629973e-03
  9.32472400e-04]
 [1.20608064e-03 2.17801389e-03 1.01996766e-04 1.13489908e-03
  6.93625082e-04]
 [2.70171627e-03 1.26820945e-03 1.35105869e-04 8.82726759e-04
  5.97140330e-04]
 [4.47417102e-03 1.65543238e-03 9.46527814e-05 4.96243965e-04
  7.02518844e-04]]"
10,"('finbert_Score', 'vader_Score', 'minmax_daily_variation', 'minmax_low_norm', 'minmax_open_norm')",0.0014099410036578774,0.0007903603892758973,"[[0.00194854 0.00334619 0.00143193 0.00066824 0.00296459]
 [0.0026931  0.00353087 0.00164331 0.00062252 0.00265685]
 [0.00408406 0.00377435 0.00187904 0.00057868 0.00204437]
 [0.00526977 0.00430049 0.0018775  0.00050633 0.0014063 ]
 [0.00625901 0.00419461 0.00144822 0.00040551 0.00108472]
 [0.00643083 0.00406012 0.0013777  0.00033168 0.0010212 ]
 [0.00567508 0.0039344  0.00160712 0.00027447 0.00111299]
 [0.00394046 0.00374086 0.00171076 0.00031027 0.000944  ]
 [0.00267189 0.00348321 0.00126511 0.0004987  0.00078963]
 [0.00283932 0.00335632 0.00134842 0.00093915 0.00117312]]"
11,"('finbert_Score', 'mean_future', 'mean_trustworthy', 'norm_slowk_14', 'log_return_1')",0.0012731602182611823,0.0012741525830115674,"[[0.00226212 0.00233059 0.00240548 0.00345395 0.0005889 ]
 [0.00341555 0.00198289 0.00189515 0.00279138 0.00053685]
 [0.0052466  0.00147137 0.00114958 0.0020523  0.00042637]
 [0.00649462 0.00116651 0.00142804 0.00145289 0.00041895]
 [0.00761125 0.00100265 0.00298183 0.00113409 0.00045371]
 [0.00730716 0.0014407  0.00474934 0.00172726 0.00046302]
 [0.00545891 0.00244818 0.00623773 0.00235629 0.00064118]
 [0.0035769  0.00282554 0.00700201 0.00228917 0.00064959]
 [0.00362867 0.00233429 0.00639555 0.00196204 0.00050676]
 [0.00420835 0.00112797 0.00425523 0.00144757 0.0003071 ]]"
12,"('finbert_Score', 'mean_future', 'mean_clickbait', 'norm_rsi_gspc_14', 'EURUSD=X_Close')",0.0013520505744963884,0.0020146005074767504,"[[2.69792588e-03 4.02267008e-03 1.72267906e-03 3.11711416e-03
  1.39360486e-04]
 [3.75343408e-03 5.01513075e-03 1.46814288e-03 2.11255809e-03
  1.28911534e-04]
 [5.47671172e-03 5.03048626e-03 1.00642403e-03 8.96773931e-04
  9.49118246e-05]
 [6.33138771e-03 3.93009727e-03 9.88505029e-04 1.19030166e-03
  5.33468952e-05]
 [5.92695515e-03 2.00994190e-03 2.25677240e-03 2.16119019e-03
  7.23446101e-05]
 [4.22418516e-03 7.45604674e-04 3.77165870e-03 2.11057278e-03
  1.63160752e-04]
 [2.28420625e-03 3.19059637e-03 5.14908540e-03 9.03829402e-04
  2.44061169e-04]
 [4.58609508e-03 4.78277873e-03 5.70071442e-03 1.00254687e-03
  2.71566249e-04]
 [7.10935034e-03 4.54817970e-03 5.09093818e-03 2.51879544e-03
  2.31147559e-04]
 [6.67814499e-03 2.61481339e-03 2.99526279e-03 2.68430508e-03
  1.38384760e-04]]"
13,"('finbert_Score', 'mean_future', 'norm_rsi_14', 'minmax_BA_Volume', 'minmax_daily_variation')",0.0014980098931118846,0.0009225557764398147,"[[0.00293365 0.00319897 0.00177527 0.00192623 0.00175538]
 [0.00357562 0.00351665 0.00152951 0.00199862 0.00205201]
 [0.00378307 0.00372247 0.00141842 0.00211118 0.00265234]
 [0.00406595 0.00333421 0.00132673 0.00220613 0.00283448]
 [0.00413038 0.00286386 0.00106351 0.00257554 0.00252366]
 [0.00373064 0.00219711 0.00120424 0.00345312 0.00247859]
 [0.00235592 0.00172204 0.00208591 0.00361302 0.00245405]
 [0.00168792 0.00156699 0.00338363 0.00291129 0.00234208]
 [0.00156648 0.00165183 0.00415134 0.0011901  0.00178556]
 [0.00152291 0.00191936 0.00363635 0.00142504 0.0010389 ]]"
14,"('finbert_Score', 'mean_future', 'norm_roc_14', 'log_return_5', 'minmax_high_close_pressure')",0.0013983291573822498,0.000834261214172456,"[[0.00278582 0.00210628 0.0032883  0.00134151 0.00144721]
 [0.00251303 0.00190415 0.00295039 0.0012126  0.00134683]
 [0.00300486 0.00178405 0.00237793 0.00107277 0.0010998 ]
 [0.00358516 0.00176123 0.0016773  0.000893   0.00098651]
 [0.00395036 0.00192538 0.00104768 0.00077222 0.00104124]
 [0.00360096 0.00217815 0.00069463 0.00080448 0.00111273]
 [0.00256346 0.00162231 0.00080192 0.00094094 0.00116381]
 [0.00270645 0.00082676 0.00094641 0.00105058 0.00108493]
 [0.00371773 0.00118533 0.00086788 0.00099716 0.00091804]
 [0.00390331 0.00190391 0.00065333 0.00076178 0.00063713]]"
15,"('finbert_Score', 'mean_future', 'minmax_close_norm', 'minmax_high_norm', 'minmax_open_norm')",0.0014106191229075193,0.0013418999055815693,"[[0.00184287 0.00149147 0.00306826 0.00102862 0.00466984]
 [0.00252494 0.00144572 0.00311805 0.00120829 0.00434375]
 [0.00390103 0.00171241 0.00279085 0.00125693 0.00389217]
 [0.00550475 0.00185073 0.00227543 0.00135295 0.00315795]
 [0.00674985 0.00176419 0.00155837 0.00153723 0.00250183]
 [0.00693757 0.00158132 0.00049541 0.0016099  0.00183163]
 [0.00508636 0.00126006 0.00089658 0.00138371 0.00099648]
 [0.00301729 0.00112314 0.0019341  0.00114315 0.00068397]
 [0.00444746 0.00110656 0.00232266 0.00136705 0.00082195]
 [0.00669127 0.00105069 0.001836   0.001737   0.00083612]]"
16,"('finbert_Score', 'mean_influential', 'mean_trustworthy', 'norm_roc_14', 'EURUSD=X_Close')",0.0013487159740179777,0.0010072574727294891,"[[4.29180595e-03 3.28069073e-03 7.92397764e-03 2.33802710e-03
  2.53223390e-04]
 [4.43778315e-03 3.90866847e-03 7.91906364e-03 2.28078290e-03
  2.87800036e-04]
 [4.14567105e-03 4.66688585e-03 7.68510330e-03 1.97167947e-03
  3.06374932e-04]
 [5.04478876e-03 4.49848325e-03 6.01231462e-03 1.77685379e-03
  3.13928081e-04]
 [5.83024720e-03 3.61771301e-03 3.77946731e-03 1.84733037e-03
  3.15805955e-04]
 [5.37359290e-03 3.12777298e-03 2.87107406e-03 1.77968738e-03
  2.92190845e-04]
 [3.91096451e-03 4.10835196e-03 3.51938836e-03 1.40809833e-03
  2.37686994e-04]
 [3.44349973e-03 4.58946204e-03 5.00617270e-03 1.56673937e-03
  1.76224411e-04]
 [5.08086314e-03 3.53319564e-03 5.59248769e-03 2.75374254e-03
  1.46164299e-04]
 [5.22700151e-03 1.16781449e-03 3.92358541e-03 3.44375556e-03
  9.94238379e-05]]"
17,"('finbert_Score', 'mean_influential', 'mean_clickbait', 'minmax_BA_Volume', 'minmax_high_close_pressure')",0.0012480881996452808,0.0013009559996743274,"[[0.00426081 0.00419008 0.00069806 0.00359862 0.00106358]
 [0.00654432 0.00572165 0.00124613 0.00303872 0.0013157 ]
 [0.00875054 0.00704385 0.00194349 0.00200237 0.00161701]
 [0.00994243 0.00631333 0.00286329 0.00114516 0.00189253]
 [0.01000932 0.00444131 0.0034769  0.00133812 0.00202924]
 [0.00863302 0.0023746  0.00396356 0.00248038 0.00201469]
 [0.00566949 0.0013935  0.00444873 0.00274054 0.00181111]
 [0.00276751 0.00180628 0.00439072 0.00247733 0.0016007 ]
 [0.00300542 0.0009812  0.00399336 0.00150888 0.00159338]
 [0.00385176 0.00072382 0.00267579 0.00051019 0.00124182]]"
18,"('finbert_Score', 'mean_influential', 'norm_rsi_14', 'norm_rsi_gspc_14', 'log_return_5')",0.0013549741124734282,0.0009817466645821607,"[[0.00453502 0.00478847 0.00357945 0.00449884 0.00162983]
 [0.00473185 0.00518644 0.00246302 0.00368944 0.00164856]
 [0.00524928 0.00535337 0.00169984 0.00267026 0.00138794]
 [0.0053889  0.00426247 0.00135403 0.00181374 0.00125271]
 [0.00592543 0.00375352 0.00156844 0.00204093 0.0012072 ]
 [0.00575852 0.00285739 0.0014157  0.00206496 0.00125818]
 [0.00505694 0.00260927 0.00092743 0.00156668 0.00143768]
 [0.00536593 0.00249627 0.00036947 0.00077977 0.00151447]
 [0.00736354 0.00251359 0.000569   0.00080654 0.00144065]
 [0.00637458 0.00211495 0.00044527 0.00142701 0.00112762]]"
19,"('finbert_Score', 'mean_influential', 'norm_slowk_14', 'minmax_daily_variation', 'minmax_low_open_pressure')",0.0012511723907664418,0.0006934850660135434,"[[0.00692325 0.00561952 0.00306514 0.00124163 0.0005734 ]
 [0.00682652 0.00496814 0.00212308 0.00135417 0.00045169]
 [0.00527939 0.00363725 0.00157123 0.00186375 0.00071505]
 [0.00530488 0.00331343 0.00142869 0.00202633 0.00091276]
 [0.00621122 0.00265146 0.00127858 0.00169078 0.0009988 ]
 [0.00642638 0.00219928 0.00108154 0.00099494 0.00082584]
 [0.00602017 0.00167323 0.00151837 0.0009006  0.0005725 ]
 [0.00491617 0.00230287 0.00255377 0.00079084 0.00021844]
 [0.00214292 0.00338669 0.00386562 0.00070915 0.0003901 ]
 [0.00139093 0.00335705 0.00425264 0.00042779 0.00047465]]"
20,"('finbert_Score', 'mean_influential', 'log_return_1', 'minmax_low_norm', 'minmax_high_norm')",0.0013409201055765152,0.0011525088009329356,"[[0.00186571 0.00351386 0.00061528 0.00414248 0.00403796]
 [0.00216673 0.00299279 0.00068425 0.00427944 0.00392349]
 [0.00364012 0.00268144 0.00064338 0.0043209  0.00353289]
 [0.00602266 0.00264596 0.00063729 0.00408816 0.00287713]
 [0.00770141 0.00196705 0.00097025 0.00378775 0.00221528]
 [0.00800767 0.00213109 0.00124102 0.0032913  0.0012945 ]
 [0.00627474 0.00158175 0.00131741 0.00245813 0.00082064]
 [0.00309294 0.00184794 0.00138541 0.00145716 0.00099563]
 [0.00267981 0.00274179 0.00124266 0.00065816 0.00115734]
 [0.00397309 0.00294331 0.00108847 0.00097684 0.00084499]]"
21,"('finbert_Score', 'mean_trustworthy', 'log_return_5', 'minmax_daily_variation', 'minmax_close_norm')",0.0013218651292845607,0.0007234711352095654,"[[0.00417543 0.00402678 0.00177547 0.00195538 0.00229149]
 [0.00318026 0.00408058 0.00128652 0.00302724 0.00184912]
 [0.00270168 0.00474855 0.00115655 0.00381041 0.00136088]
 [0.00246911 0.00442292 0.00124009 0.00380359 0.00123333]
 [0.00348581 0.00408731 0.00108169 0.00325744 0.00137126]
 [0.00455031 0.0036037  0.00112289 0.00262475 0.00157297]
 [0.00465728 0.00288955 0.00114277 0.00206684 0.00174674]
 [0.0037702  0.00262917 0.0013281  0.00177573 0.00176413]
 [0.00241037 0.00409658 0.0015468  0.00188132 0.00177704]
 [0.0016329  0.0044035  0.00168173 0.00279716 0.00166728]]"
22,"('finbert_Score', 'mean_trustworthy', 'minmax_high_close_pressure', 'minmax_low_open_pressure', 'minmax_open_norm')",0.001291317050345242,0.0010843212022835348,"[[0.0024276  0.00404597 0.00064854 0.00073897 0.00174366]
 [0.00242822 0.00278386 0.00056083 0.00059974 0.0017401 ]
 [0.00300028 0.00260022 0.00051552 0.00083366 0.00158092]
 [0.0044809  0.0026673  0.00056586 0.00145821 0.00136915]
 [0.00591652 0.00280838 0.00061811 0.00186934 0.00118922]
 [0.00702551 0.00292717 0.00067862 0.00200974 0.00112738]
 [0.00669037 0.00279825 0.00068178 0.00162174 0.00118555]
 [0.00499979 0.00385537 0.00087566 0.00076931 0.00135864]
 [0.00271897 0.00563806 0.00163261 0.00060311 0.00154898]
 [0.00241855 0.0054893  0.00216533 0.00129545 0.00155505]]"
23,"('finbert_Score', 'mean_clickbait', 'norm_roc_14', 'minmax_daily_variation', 'minmax_high_norm')",0.0012801724951714277,0.000851950482317555,"[[0.00282531 0.00351904 0.00267181 0.00167687 0.00225368]
 [0.00334452 0.00357139 0.00218144 0.00256138 0.0020988 ]
 [0.00390638 0.00325867 0.00197928 0.00346694 0.0016436 ]
 [0.00440784 0.00286498 0.0025814  0.00381577 0.00122889]
 [0.00451873 0.00250748 0.00317894 0.00370975 0.00086561]
 [0.00466785 0.00322377 0.0032694  0.00312006 0.00090121]
 [0.00343997 0.00483073 0.00273721 0.00231329 0.00129565]
 [0.00275911 0.00626533 0.00171557 0.0017175  0.00190543]
 [0.00238297 0.00709092 0.00106619 0.00121369 0.00227102]
 [0.00257254 0.00589921 0.0012236  0.00163397 0.00187308]]"
24,"('finbert_Score', 'norm_rsi_14', 'norm_slowk_14', 'EURUSD=X_Close', 'minmax_low_norm')",0.0009703697287477553,0.0012473919415909901,"[[0.00178253 0.00254337 0.00614147 0.00020568 0.00130595]
 [0.00140937 0.00229477 0.00517835 0.00022996 0.00133207]
 [0.00151549 0.00206919 0.0044781  0.00023818 0.0011529 ]
 [0.00184474 0.0017694  0.00365525 0.00023346 0.00079988]
 [0.00263981 0.00154409 0.00358831 0.00020222 0.00043937]
 [0.00273362 0.00133818 0.00319374 0.00016561 0.00029017]
 [0.00338659 0.00125819 0.00275438 0.00013896 0.00044673]
 [0.00349747 0.00174399 0.00278765 0.00016095 0.00058888]
 [0.00326157 0.00230783 0.00270341 0.00026316 0.00058209]
 [0.00263983 0.00233763 0.00258666 0.00028551 0.00053826]]"
25,"('finbert_Score', 'norm_rsi_gspc_14', 'log_return_1', 'minmax_high_close_pressure', 'minmax_close_norm')",0.0012768780579790473,0.0013797870424832723,"[[0.00171249 0.0056621  0.00171139 0.00097492 0.00150592]
 [0.0011467  0.00448133 0.001519   0.00071926 0.00095385]
 [0.00160298 0.00319057 0.00119468 0.00063771 0.00066141]
 [0.00324106 0.00178876 0.0008635  0.0007301  0.00093491]
 [0.00469572 0.00068186 0.00053695 0.00094469 0.00125008]
 [0.00513351 0.00060257 0.00035305 0.00103011 0.00154752]
 [0.00390751 0.00068252 0.00028696 0.00103578 0.00170546]
 [0.00133938 0.00033919 0.00032004 0.00106234 0.00163437]
 [0.0031287  0.00049445 0.00032847 0.00132169 0.00137322]
 [0.00483518 0.001222   0.00039385 0.00138472 0.0010018 ]]"
26,"('bart_Score', 'vader_Score', 'mean_trustworthy', 'norm_slowk_14', 'EURUSD=X_Close')",0.0012886821059510112,0.001031427401991636,"[[1.59157939e-03 3.85001242e-03 1.58062385e-03 1.52282796e-03
  1.21256399e-04]
 [1.48056712e-03 4.91284995e-03 1.60531166e-03 1.45404878e-03
  1.30243502e-04]
 [1.50366024e-03 5.34582160e-03 1.92339978e-03 1.37621713e-03
  1.26247632e-04]
 [1.40269339e-03 4.77222853e-03 2.08343320e-03 1.53687776e-03
  1.42468843e-04]
 [1.83050444e-03 3.25808510e-03 2.43424604e-03 2.47075016e-03
  1.77740265e-04]
 [2.70209728e-03 2.69952302e-03 2.91624916e-03 2.99734417e-03
  2.42306703e-04]
 [3.51047798e-03 4.85733435e-03 3.43583602e-03 3.39471711e-03
  3.01161143e-04]
 [4.21484713e-03 6.69706225e-03 4.91501619e-03 3.25539046e-03
  3.04486243e-04]
 [3.68189000e-03 6.73164555e-03 6.95710616e-03 3.06317061e-03
  2.14197354e-04]
 [3.17377476e-03 4.09506853e-03 7.23490564e-03 3.86611897e-03
  7.42645974e-05]]"
27,"('bart_Score', 'vader_Score', 'mean_clickbait', 'norm_rsi_gspc_14', 'log_return_1')",0.0012988942908123136,0.0016681896641579437,"[[0.00138985 0.00481365 0.00145732 0.00075284 0.00020822]
 [0.00142636 0.00539107 0.00122225 0.00092778 0.00037202]
 [0.00157146 0.00616171 0.00132102 0.00125877 0.00047277]
 [0.00209711 0.00621186 0.00118279 0.00166317 0.00045504]
 [0.00242509 0.00597593 0.00117052 0.00190003 0.00080702]
 [0.00283141 0.00541054 0.00139309 0.00165062 0.00111413]
 [0.00313968 0.00470327 0.00205701 0.00077518 0.0015591 ]
 [0.00335698 0.00472253 0.00333947 0.0008905  0.0019292 ]
 [0.0028953  0.00545241 0.00479924 0.00285363 0.0019347 ]
 [0.00160619 0.00524718 0.00503768 0.00402414 0.00158538]]"
28,"('bart_Score', 'vader_Score', 'norm_rsi_14', 'minmax_BA_Volume', 'minmax_high_close_pressure')",0.0012439042329788208,0.001265685389037518,"[[0.003051   0.00277437 0.00154796 0.00142695 0.00149781]
 [0.00218664 0.00305755 0.00068958 0.00159958 0.00130826]
 [0.00186167 0.003635   0.00061405 0.00200498 0.00102922]
 [0.00237995 0.00423094 0.00121064 0.00223259 0.00084008]
 [0.00289593 0.00407131 0.00186852 0.00201184 0.00069998]
 [0.00320731 0.00330594 0.00197268 0.00179236 0.00071669]
 [0.00311163 0.00218014 0.0017165  0.00166632 0.0008634 ]
 [0.00306542 0.00197839 0.001323   0.00171191 0.00171136]
 [0.00216805 0.00270948 0.00138192 0.00154139 0.0031168 ]
 [0.00165361 0.00407317 0.00168931 0.00111496 0.00382318]]"
29,"('bart_Score', 'vader_Score', 'norm_roc_14', 'log_return_5', 'minmax_daily_variation')",0.0012070663506165147,0.0011365464120820718,"[[0.00284305 0.00575177 0.00408131 0.0010021  0.00339287]
 [0.00260202 0.0060199  0.00391058 0.00103616 0.00356136]
 [0.00249563 0.00605268 0.00338059 0.00101083 0.00366377]
 [0.00264156 0.00568616 0.00240274 0.0010213  0.00336165]
 [0.00257441 0.00522282 0.00150054 0.00093725 0.00256418]
 [0.00281684 0.0052495  0.00181869 0.00069993 0.00166761]
 [0.00320369 0.00593854 0.00245875 0.00085457 0.00114371]
 [0.00398219 0.00617451 0.00230911 0.00173661 0.00098037]
 [0.00482543 0.00626866 0.00166616 0.00301265 0.00093744]
 [0.00556203 0.00524288 0.00195093 0.00386743 0.00161263]]"
30,"('bart_Score', 'mean_future', 'mean_trustworthy', 'norm_rsi_gspc_14', 'log_return_5')",0.001244296901859343,0.0009942089640694,"[[0.00256172 0.00700173 0.00440548 0.00255978 0.00103334]
 [0.00277886 0.00708613 0.005427   0.00196657 0.00107614]
 [0.00245947 0.00581433 0.0061929  0.00139473 0.00099145]
 [0.00219795 0.00401403 0.00534669 0.00155992 0.00084662]
 [0.00259425 0.00228947 0.00314491 0.00306749 0.00091203]
 [0.00248161 0.00342623 0.00166014 0.00386423 0.00103865]
 [0.00250009 0.00750745 0.00487806 0.00306538 0.00135121]
 [0.00301128 0.01018336 0.00834874 0.00098327 0.00165629]
 [0.00394998 0.0097569  0.01017268 0.00322471 0.00177898]
 [0.00410042 0.00532044 0.0083673  0.00561716 0.00155664]]"
31,"('bart_Score', 'mean_future', 'mean_clickbait', 'norm_slowk_14', 'minmax_BA_Volume')",0.0011905808933079243,0.0012427218670700171,"[[0.00313956 0.00466415 0.00241723 0.00274913 0.00332552]
 [0.00384869 0.004742   0.00158888 0.00237978 0.00279644]
 [0.00395067 0.00419068 0.00106859 0.00175691 0.00228452]
 [0.00311517 0.00311155 0.00148845 0.00170765 0.00211518]
 [0.00263163 0.00211479 0.00289927 0.00268213 0.00161807]
 [0.00301938 0.00247578 0.00426366 0.0036456  0.00143449]
 [0.00272223 0.00373735 0.00568041 0.0040508  0.00166546]
 [0.0021306  0.0042206  0.00678325 0.0031423  0.00147604]
 [0.00253037 0.00346914 0.00715151 0.0022639  0.00059762]
 [0.00392623 0.00173431 0.00556363 0.00305851 0.00134832]]"
32,"('bart_Score', 'mean_future', 'norm_rsi_14', 'norm_roc_14', 'EURUSD=X_Close')",0.001249089720658958,0.0010740069613717036,"[[6.24519050e-03 3.51839908e-03 2.67945666e-03 2.88803572e-03
  5.72494010e-04]
 [5.64640365e-03 4.00465203e-03 2.16755317e-03 2.67500085e-03
  5.01023733e-04]
 [4.98013673e-03 4.08501364e-03 1.70101557e-03 2.46980866e-03
  4.35768384e-04]
 [3.98761020e-03 4.06600939e-03 1.73238777e-03 2.37281689e-03
  3.95654409e-04]
 [2.74308189e-03 4.11361018e-03 1.83624304e-03 2.79165414e-03
  3.61842604e-04]
 [1.98259396e-03 3.96923419e-03 2.07365031e-03 3.37511474e-03
  3.47436054e-04]
 [1.41677578e-03 3.14307072e-03 2.42032694e-03 3.46956840e-03
  3.26782598e-04]
 [1.47632559e-03 2.53754587e-03 2.99364677e-03 3.04661449e-03
  2.56473386e-04]
 [1.37345149e-03 2.38382774e-03 3.60586020e-03 1.94940558e-03
  1.55718975e-04]
 [1.48796085e-03 2.63252006e-03 3.66136404e-03 1.08896845e-03
  7.01247683e-05]]"
33,"('bart_Score', 'mean_future', 'log_return_1', 'minmax_daily_variation', 'minmax_low_open_pressure')",0.0010238268878310919,0.0014134466975362216,"[[0.00329247 0.0015783  0.00114767 0.00181326 0.00041934]
 [0.00360669 0.00124077 0.00130836 0.00216883 0.00038111]
 [0.00420209 0.00073846 0.00169705 0.00201235 0.00036939]
 [0.0042952  0.00063702 0.00253383 0.00180957 0.00033659]
 [0.00438953 0.00122863 0.00356988 0.00194692 0.00053373]
 [0.00444862 0.00180159 0.00370342 0.00255081 0.00059307]
 [0.0044293  0.00171811 0.00373259 0.00292716 0.00083374]
 [0.00428119 0.00106528 0.00320629 0.00280795 0.00087389]
 [0.00303308 0.00137915 0.00230832 0.00145365 0.00084662]
 [0.00170677 0.00268053 0.00159325 0.00094177 0.00036299]]"
34,"('bart_Score', 'mean_future', 'minmax_high_close_pressure', 'minmax_low_norm', 'minmax_high_norm')",0.001107012270949781,0.0013132651045272593,"[[0.00240742 0.0028456  0.00296863 0.00860178 0.00962425]
 [0.00233353 0.00283711 0.00293349 0.00826642 0.00841453]
 [0.00223234 0.00263006 0.00241473 0.00770911 0.0066445 ]
 [0.0021688  0.0023714  0.00191869 0.00666623 0.00484714]
 [0.00184125 0.00225171 0.00139888 0.00559444 0.00326638]
 [0.00193458 0.00216194 0.0008232  0.00428079 0.00171017]
 [0.00188751 0.00174391 0.0010963  0.00253148 0.00083935]
 [0.00233844 0.00147229 0.00200878 0.00145476 0.00156723]
 [0.00223238 0.00223962 0.00313408 0.00155288 0.00236087]
 [0.00136193 0.00355727 0.00331684 0.00172189 0.00226174]]"
35,"('bart_Score', 'mean_influential', 'mean_trustworthy', 'minmax_BA_Volume', 'minmax_daily_variation')",0.0009979892056435347,0.0016488552085576643,"[[0.0031651  0.00721756 0.0115292  0.0020546  0.00283429]
 [0.00351117 0.00913133 0.01234039 0.0022784  0.0036489 ]
 [0.00397354 0.00888246 0.01118949 0.00289585 0.00431391]
 [0.00479446 0.00539425 0.00677158 0.00341267 0.00435211]
 [0.0054329  0.00189256 0.00145849 0.00335009 0.0034245 ]
 [0.00595557 0.00929372 0.00783532 0.00272702 0.00231052]
 [0.0060373  0.01697603 0.01537766 0.00177659 0.00161422]
 [0.00534985 0.02057222 0.01962095 0.00182663 0.00139531]
 [0.0034434  0.01790618 0.01840361 0.00320148 0.00198694]
 [0.0015811  0.00976618 0.01124586 0.00329484 0.00201632]]"
36,"('bart_Score', 'mean_influential', 'mean_clickbait', 'norm_roc_14', 'minmax_low_open_pressure')",0.0012930071679875255,0.0015489928742968722,"[[0.00255767 0.00128232 0.00051244 0.00195728 0.00066712]
 [0.00324455 0.0010959  0.0005191  0.0015457  0.00085178]
 [0.00331443 0.00083239 0.00048764 0.00108467 0.00086086]
 [0.00304602 0.00148675 0.00050202 0.00077172 0.00093705]
 [0.00230668 0.00237765 0.00060543 0.00086309 0.00087199]
 [0.0019469  0.00296363 0.0008936  0.00087771 0.00081528]
 [0.00162288 0.00281654 0.00135952 0.00072335 0.00077563]
 [0.00177282 0.00174596 0.00197984 0.00135255 0.00086877]
 [0.00176    0.0017515  0.00251963 0.00260685 0.00110431]
 [0.00178292 0.00399692 0.00234804 0.00331851 0.00127045]]"
37,"('bart_Score', 'mean_influential', 'norm_rsi_14', 'norm_slowk_14', 'log_return_1')",0.001009994768537581,0.0011061091843167833,"[[0.00303479 0.00272496 0.00744301 0.00847398 0.00135029]
 [0.0026839  0.00306305 0.00523873 0.00583292 0.00121218]
 [0.00260928 0.00229305 0.00307642 0.00351135 0.00104483]
 [0.00226411 0.00205485 0.00134252 0.00233331 0.0009844 ]
 [0.0018052  0.00296667 0.00102133 0.00267814 0.0008226 ]
 [0.00157502 0.00436344 0.00141865 0.00309019 0.00068221]
 [0.00104835 0.00420038 0.00164125 0.00409847 0.0007675 ]
 [0.00138528 0.0035601  0.0014283  0.00423461 0.00097836]
 [0.00157236 0.00324345 0.00100006 0.00301509 0.00105257]
 [0.00128437 0.00379265 0.00060323 0.00210386 0.00045519]]"
38,"('bart_Score', 'mean_influential', 'norm_rsi_gspc_14', 'EURUSD=X_Close', 'minmax_low_norm')",0.0013510017888620496,0.0015117560204078123,"[[1.79782833e-03 3.45228084e-03 1.66625058e-03 1.44433822e-04
  1.33219667e-03]
 [2.14532059e-03 4.29832349e-03 1.66157557e-03 1.46281423e-04
  1.09990114e-03]
 [2.09027484e-03 4.37577797e-03 1.70983894e-03 1.58792334e-04
  8.59073205e-04]
 [2.06421949e-03 3.58673897e-03 1.82598379e-03 1.76160594e-04
  6.69322922e-04]
 [1.90710748e-03 2.61339590e-03 2.13629232e-03 1.94986790e-04
  7.19688222e-04]
 [1.43276554e-03 2.77891880e-03 2.26099073e-03 2.08506533e-04
  9.35362788e-04]
 [1.38014768e-03 3.32846444e-03 1.76470838e-03 1.97154954e-04
  1.23851971e-03]
 [2.05365509e-03 3.05505302e-03 8.11696243e-04 1.25673509e-04
  1.89157651e-03]
 [2.22595120e-03 1.85488231e-03 2.70635994e-03 7.95286358e-05
  3.30775230e-03]
 [1.93594497e-03 5.17270067e-03 5.82452673e-03 2.79017484e-04
  5.06012826e-03]]"
39,"('bart_Score', 'mean_influential', 'log_return_5', 'minmax_high_close_pressure', 'minmax_close_norm')",0.0012294723419472575,0.0010745572414603834,"[[0.0038397  0.00241288 0.00131671 0.00117961 0.00111293]
 [0.00314308 0.00207387 0.00146652 0.0012406  0.00099015]
 [0.00244762 0.0016149  0.00154516 0.00106655 0.00084716]
 [0.00188826 0.00182801 0.00153449 0.00118498 0.00071006]
 [0.00113201 0.00237745 0.00163561 0.00105498 0.00073028]
 [0.00132758 0.00309784 0.00163183 0.00108682 0.00067573]
 [0.00161466 0.00278256 0.00163684 0.00115221 0.00070201]
 [0.00186162 0.00217962 0.00144235 0.00151797 0.00073167]
 [0.00151408 0.00286898 0.00106021 0.00244093 0.00124336]
 [0.00132339 0.00685114 0.00050923 0.00305471 0.00169203]]"
40,"('bart_Score', 'mean_trustworthy', 'norm_roc_14', 'log_return_1', 'minmax_high_close_pressure')",0.0012855806853622198,0.0010764255828509574,"[[0.00386321 0.00227363 0.00210195 0.00049485 0.00206506]
 [0.00309937 0.00217117 0.00149942 0.00043266 0.00234721]
 [0.00351295 0.00300936 0.00094478 0.00040036 0.00224571]
 [0.00382182 0.00370846 0.00047312 0.00025232 0.00157468]
 [0.00389016 0.00416174 0.00054115 0.0003223  0.0013199 ]
 [0.00383146 0.00424256 0.00075424 0.00027848 0.00107867]
 [0.00375986 0.00309904 0.00104282 0.00039748 0.00104257]
 [0.00303583 0.0016058  0.0011117  0.00054237 0.00129997]
 [0.00189559 0.0036512  0.00120032 0.00093117 0.00217067]
 [0.00077866 0.00550014 0.00141465 0.00118835 0.0022908 ]]"
41,"('bart_Score', 'mean_clickbait', 'log_return_5', 'EURUSD=X_Close', 'minmax_high_norm')",0.0012208392145112157,0.0014852024852687452,"[[3.66508493e-03 5.58357923e-03 1.99513199e-03 8.77477943e-05
  1.54775501e-03]
 [2.87686384e-03 6.05837476e-03 1.74760530e-03 1.07018484e-04
  1.35140346e-03]
 [2.46969317e-03 5.55915024e-03 1.49341296e-03 1.26352521e-04
  1.25103809e-03]
 [2.57765074e-03 5.01597725e-03 1.30482463e-03 1.37497714e-04
  1.22730354e-03]
 [2.14331564e-03 4.60318751e-03 1.24909888e-03 1.41125450e-04
  1.25591964e-03]
 [2.06625569e-03 4.37853079e-03 1.31611475e-03 1.73341010e-04
  1.21276753e-03]
 [1.77993274e-03 4.08970337e-03 1.63395561e-03 2.15562550e-04
  1.21900241e-03]
 [1.75165636e-03 3.84004306e-03 2.29956161e-03 2.55502738e-04
  1.17891354e-03]
 [1.31611207e-03 4.65412145e-03 3.04407474e-03 2.91651549e-04
  1.27542406e-03]
 [9.07198261e-04 5.59445046e-03 3.49685873e-03 3.11527024e-04
  1.56921401e-03]]"
42,"('bart_Score', 'mean_clickbait', 'minmax_daily_variation', 'minmax_close_norm', 'minmax_open_norm')",0.0011300668120384216,0.0014071115957581706,"[[0.00331224 0.00112087 0.00416188 0.00164596 0.00270251]
 [0.00312411 0.00073414 0.00407281 0.0015177  0.00278129]
 [0.00245175 0.00091092 0.00347397 0.00138664 0.00266785]
 [0.00188122 0.00124298 0.00217212 0.0012451  0.00221571]
 [0.00135846 0.00165309 0.00151025 0.00108682 0.00157819]
 [0.00169372 0.00204665 0.00209876 0.00071193 0.00086536]
 [0.00257688 0.00171201 0.00310725 0.00067109 0.00043656]
 [0.00310836 0.00149321 0.00334454 0.00165943 0.00128212]
 [0.00236718 0.00231563 0.00169689 0.00292683 0.00221489]
 [0.00151586 0.00464399 0.00205147 0.00398491 0.00235381]]"
43,"('bart_Score', 'norm_rsi_14', 'norm_rsi_gspc_14', 'minmax_daily_variation', 'minmax_high_norm')",0.0009824585868045688,0.0011477105077298433,"[[0.00632806 0.00380524 0.00244517 0.00396406 0.00261102]
 [0.0046044  0.00269045 0.00214985 0.0044917  0.00195554]
 [0.00264513 0.00182268 0.00191478 0.00430003 0.0015851 ]
 [0.00219505 0.00133719 0.00168041 0.00409546 0.0015088 ]
 [0.00254521 0.00092944 0.00165149 0.00334735 0.00174205]
 [0.00371162 0.00074719 0.00144413 0.00254381 0.00178978]
 [0.00450049 0.00067726 0.0012619  0.00182138 0.00164537]
 [0.00537823 0.000879   0.00126064 0.00128729 0.00170798]
 [0.00556195 0.00134479 0.00170121 0.00137745 0.00239783]
 [0.00563818 0.00217941 0.00235351 0.00347367 0.00317973]]"
44,"('bart_Score', 'norm_rsi_14', 'log_return_5', 'minmax_low_open_pressure', 'minmax_open_norm')",0.0008961120038293302,0.0016369849166633912,"[[0.00184334 0.001898   0.00056095 0.00069737 0.0013156 ]
 [0.00159688 0.00130205 0.00040922 0.00085805 0.00120991]
 [0.00148768 0.00091753 0.00024887 0.00103749 0.00112104]
 [0.00148161 0.00062342 0.00027218 0.00111454 0.00098653]
 [0.00150142 0.00067199 0.00037687 0.00117176 0.00106331]
 [0.00186997 0.00075318 0.00039894 0.00134158 0.00122168]
 [0.0021425  0.00077731 0.00048241 0.00149254 0.0012113 ]
 [0.0030724  0.00068604 0.0008027  0.00175778 0.00120991]
 [0.00407236 0.00049949 0.00117836 0.001913   0.00136552]
 [0.00504636 0.00015528 0.00137417 0.0015752  0.00139858]]"
45,"('bart_Score', 'norm_roc_14', 'minmax_BA_Volume', 'minmax_low_norm', 'minmax_open_norm')",0.0010735157411545515,0.0018559065476224264,"[[0.0020525  0.00079285 0.00286484 0.00314484 0.00358556]
 [0.00211163 0.00063465 0.00251988 0.00332779 0.00369987]
 [0.00165456 0.00049903 0.00240479 0.00342617 0.00390843]
 [0.00122136 0.00046892 0.00232246 0.00343337 0.00426057]
 [0.00113807 0.00060741 0.00195468 0.00359273 0.00495574]
 [0.00160498 0.00098442 0.00169472 0.00382677 0.0057155 ]
 [0.00220294 0.00136848 0.00128099 0.00376753 0.00588114]
 [0.00275737 0.00155015 0.00120058 0.00367428 0.0052932 ]
 [0.00255131 0.00148034 0.00256637 0.00340638 0.00387568]
 [0.00176544 0.00115105 0.00354655 0.00254427 0.00181273]]"
46,"('vader_Score', 'mean_future', 'mean_trustworthy', 'mean_clickbait', 'norm_roc_14')",0.0013126343255862594,0.0009231623368490568,"[[0.00582709 0.00421241 0.00730986 0.00277592 0.00498853]
 [0.00694269 0.00415244 0.00753639 0.00203605 0.00441596]
 [0.00843205 0.0036369  0.0086351  0.00116944 0.00315339]
 [0.0097392  0.0024153  0.00850755 0.00085846 0.0018981 ]
 [0.01000901 0.00157842 0.00731289 0.0011703  0.00101292]
 [0.00784195 0.00288009 0.00535407 0.0011451  0.00170004]
 [0.00745219 0.00506897 0.00453919 0.00139726 0.00246328]
 [0.00844026 0.00614188 0.00700221 0.00307783 0.00289472]
 [0.00911618 0.00549372 0.00896582 0.00467228 0.00275235]
 [0.00739035 0.00311221 0.00646564 0.00425148 0.00210004]]"
47,"('vader_Score', 'mean_future', 'norm_rsi_14', 'norm_rsi_gspc_14', 'norm_slowk_14')",0.0011941306293010712,0.0011667751252287912,"[[0.00228444 0.00301017 0.00342797 0.00425959 0.00576806]
 [0.0022533  0.00270081 0.00271422 0.00376738 0.00461531]
 [0.0020822  0.0021891  0.00180762 0.00307033 0.00331264]
 [0.00226348 0.00179712 0.00141336 0.00218552 0.0027432 ]
 [0.00287548 0.00170296 0.00142769 0.00146483 0.00292409]
 [0.00380128 0.00186471 0.00150724 0.00110355 0.00271341]
 [0.00524963 0.00206215 0.00162918 0.00117858 0.00261   ]
 [0.00560967 0.00264579 0.00199947 0.00142777 0.00277694]
 [0.00506097 0.00294924 0.0021852  0.00156293 0.00267111]
 [0.00370008 0.00251799 0.00168337 0.00133815 0.00251455]]"
48,"('vader_Score', 'mean_future', 'minmax_BA_Volume', 'log_return_5', 'EURUSD=X_Close')",0.0014119617408141494,0.002006272068492284,"[[2.69204030e-03 2.00046229e-03 2.56806843e-03 2.74690332e-04
  1.92379618e-04]
 [2.67547858e-03 1.58403977e-03 2.89971299e-03 3.15206406e-04
  2.18507838e-04]
 [2.59425330e-03 1.08023154e-03 3.17515130e-03 3.87904719e-04
  2.41968035e-04]
 [2.62232467e-03 5.44484433e-04 3.12527520e-03 4.93724487e-04
  2.61819853e-04]
 [3.24405452e-03 3.63490418e-04 2.62776982e-03 6.13996161e-04
  2.62547097e-04]
 [3.23138518e-03 4.36074549e-04 2.10002183e-03 8.97744563e-04
  2.40226931e-04]
 [2.14438779e-03 7.10799954e-04 1.69711235e-03 1.27214890e-03
  1.89249320e-04]
 [1.23362082e-03 1.52751975e-03 1.84853556e-03 1.55828259e-03
  1.18168730e-04]
 [1.79046619e-03 3.02692778e-03 2.67369462e-03 1.56949709e-03
  6.83584373e-05]
 [1.70161702e-03 3.70809681e-03 3.37889558e-03 1.17725753e-03
  7.38236369e-05]]"
49,"('vader_Score', 'mean_future', 'log_return_1', 'minmax_high_close_pressure', 'minmax_open_norm')",0.0011599723948165774,0.0012855761606626835,"[[0.00195156 0.00187865 0.00033734 0.00167116 0.00203225]
 [0.00183194 0.00213246 0.00033083 0.00077594 0.00112384]
 [0.00233597 0.00221447 0.0003395  0.00105133 0.00122622]
 [0.00316312 0.00200646 0.00039742 0.00140583 0.00155892]
 [0.0037501  0.00303236 0.00054745 0.00172599 0.00197656]
 [0.00426431 0.003702   0.0005732  0.0020465  0.00212611]
 [0.00362859 0.00350368 0.00048837 0.00245481 0.00205863]
 [0.00389835 0.00316868 0.00046858 0.00246664 0.00196955]
 [0.00502685 0.00462841 0.00050592 0.00184703 0.0019457 ]
 [0.00610259 0.00634323 0.00048646 0.00121294 0.00194917]]"
50,"('vader_Score', 'mean_influential', 'mean_trustworthy', 'norm_rsi_14', 'minmax_low_open_pressure')",0.0013679824769496918,0.0014219748889940903,"[[0.00778934 0.00165596 0.00329445 0.0016512  0.0006771 ]
 [0.00988092 0.00202236 0.00345184 0.00167192 0.00063644]
 [0.01065209 0.00271018 0.00351304 0.00151208 0.00086088]
 [0.01124734 0.00348304 0.00347465 0.00154729 0.00137435]
 [0.00991745 0.00400063 0.00309537 0.00155407 0.00193812]
 [0.00766469 0.00419464 0.00209031 0.0015336  0.00235769]
 [0.00424116 0.00325947 0.00260848 0.00135835 0.00235253]
 [0.00206048 0.00253927 0.0051716  0.00088668 0.0021624 ]
 [0.00316741 0.0020974  0.00673124 0.00127433 0.00187427]
 [0.00304159 0.00252213 0.00556743 0.0015854  0.00120518]]"
51,"('vader_Score', 'mean_influential', 'mean_clickbait', 'EURUSD=X_Close', 'minmax_daily_variation')",0.0013412793632596731,0.001582480444257139,"[[4.71397352e-03 1.73566388e-03 2.23817438e-03 1.15962959e-04
  1.15633817e-03]
 [5.41319452e-03 2.14187638e-03 2.07414894e-03 1.05978119e-04
  1.95866664e-03]
 [7.67280742e-03 2.89710228e-03 2.11763688e-03 1.36488607e-04
  2.57613221e-03]
 [9.28536995e-03 3.43613225e-03 2.04228269e-03 1.62125723e-04
  2.15981943e-03]
 [8.56398663e-03 3.46711528e-03 1.88780972e-03 1.57112343e-04
  1.09993967e-03]
 [5.59811382e-03 2.52385011e-03 1.42091797e-03 1.32770741e-04
  8.53209704e-04]
 [2.65655025e-03 1.42217187e-03 9.63774278e-04 6.93637890e-05
  2.21991118e-03]
 [4.34427697e-03 4.11693108e-03 1.74670022e-03 1.40761295e-04
  2.48966226e-03]
 [6.94288815e-03 6.87772620e-03 3.06853009e-03 2.36823808e-04
  1.74296960e-03]
 [6.29942713e-03 7.10368563e-03 3.14580483e-03 2.72754759e-04
  7.97721619e-04]]"
52,"('vader_Score', 'mean_influential', 'norm_rsi_gspc_14', 'norm_roc_14', 'minmax_high_close_pressure')",0.001320532290264964,0.00096202916833327,"[[0.00397061 0.00345226 0.0032028  0.00352391 0.00063486]
 [0.00454065 0.00404704 0.00286563 0.00323319 0.00067588]
 [0.00610967 0.0043705  0.00221272 0.0026594  0.00088863]
 [0.00689897 0.00443476 0.00168864 0.00163687 0.00107956]
 [0.00629639 0.00413868 0.00141924 0.0007825  0.00119252]
 [0.00496505 0.00343167 0.00155126 0.00153377 0.00126015]
 [0.00555938 0.00312194 0.00191565 0.00252027 0.00123432]
 [0.00702527 0.00480751 0.00140042 0.00328155 0.00138595]
 [0.00775468 0.00673548 0.00065389 0.00360317 0.0017882 ]
 [0.00665521 0.00704749 0.00249508 0.00388711 0.00217104]]"
53,"('vader_Score', 'mean_influential', 'norm_slowk_14', 'minmax_BA_Volume', 'minmax_low_norm')",0.0013115337351337075,0.0007209195954553587,"[[0.00727757 0.00372527 0.00529595 0.00322572 0.00375926]
 [0.0071683  0.0046724  0.00521974 0.00375728 0.00398408]
 [0.00750985 0.00437112 0.00532723 0.00455291 0.00398962]
 [0.00719321 0.00387702 0.00593368 0.00495738 0.00346492]
 [0.00678933 0.00374933 0.00608138 0.0040577  0.00252845]
 [0.00564926 0.00444847 0.00564008 0.00260592 0.00123286]
 [0.00427658 0.00525056 0.0049957  0.00172241 0.00077462]
 [0.00591138 0.00591109 0.00440312 0.00172639 0.00180919]
 [0.00649525 0.00624061 0.00280578 0.00198136 0.00241774]
 [0.00579551 0.00546656 0.00225496 0.00206151 0.00189778]]"
54,"('vader_Score', 'mean_influential', 'log_return_5', 'minmax_high_norm', 'minmax_open_norm')",0.0013842845801264048,0.0009883058617099105,"[[0.00447383 0.00395782 0.00206193 0.00529059 0.00540646]
 [0.00646198 0.00432709 0.00190561 0.00544603 0.00557328]
 [0.00820757 0.00634364 0.0017265  0.00528206 0.00535432]
 [0.00979329 0.00811408 0.00172905 0.00485885 0.00470251]
 [0.01028279 0.00928221 0.00175059 0.00461248 0.00407202]
 [0.01004652 0.00934064 0.00154364 0.00419096 0.00346926]
 [0.0078642  0.00732248 0.00156173 0.00345634 0.00276702]
 [0.0041588  0.00344683 0.00183009 0.00251571 0.00209866]
 [0.00215252 0.00444733 0.00187862 0.00148839 0.00152594]
 [0.0032012  0.00721729 0.00143883 0.00070071 0.00107031]]"
55,"('vader_Score', 'mean_trustworthy', 'log_return_5', 'log_return_1', 'minmax_low_norm')",0.0012945311609655619,0.0011604669339516584,"[[0.0045676  0.0033555  0.00105764 0.00028747 0.00100816]
 [0.00715983 0.00439049 0.00114798 0.00047019 0.00087209]
 [0.00936149 0.00599203 0.00128919 0.00058103 0.00076975]
 [0.01038902 0.00693215 0.00135576 0.00059883 0.00072534]
 [0.00917881 0.00632166 0.00132651 0.00055728 0.00068589]
 [0.0069884  0.00498817 0.00110385 0.00045336 0.00075493]
 [0.00451146 0.00302896 0.00087735 0.00031233 0.0008045 ]
 [0.00293823 0.00504371 0.00091054 0.00032315 0.00100061]
 [0.00524942 0.00886594 0.0009787  0.00058626 0.00107343]
 [0.00537959 0.00912629 0.00086215 0.00070412 0.00089098]]"
56,"('vader_Score', 'mean_trustworthy', 'minmax_daily_variation', 'minmax_high_close_pressure', 'minmax_high_norm')",0.0013366882922127843,0.0009065952239235165,"[[0.00621864 0.00274022 0.00316205 0.00149129 0.00093741]
 [0.00832924 0.00358388 0.00361635 0.00185699 0.00082057]
 [0.00954503 0.0054071  0.00403729 0.00235806 0.00101964]
 [0.00984849 0.00693496 0.00408178 0.00289984 0.00137851]
 [0.00840194 0.00737968 0.00358261 0.00339944 0.00167306]
 [0.00670995 0.00700006 0.00262403 0.00358096 0.00191353]
 [0.00738715 0.00584846 0.00148758 0.00327537 0.00224942]
 [0.00872898 0.00568707 0.00082845 0.00230479 0.00252343]
 [0.00804088 0.00498639 0.00096571 0.00119358 0.0026754 ]
 [0.00569198 0.00438218 0.00094772 0.00077463 0.00217884]]"
57,"('vader_Score', 'mean_clickbait', 'norm_rsi_14', 'minmax_low_norm', 'minmax_close_norm')",0.0011575203388929367,0.001880904998062265,"[[0.00217698 0.00043209 0.00281257 0.00718305 0.0090738 ]
 [0.00238237 0.00096086 0.00247928 0.00666815 0.00875707]
 [0.0034477  0.00181703 0.00193873 0.00604742 0.00766175]
 [0.00451578 0.00218381 0.00120433 0.0051612  0.00613131]
 [0.00435418 0.00172369 0.00055298 0.00436141 0.00438163]
 [0.00302948 0.00081632 0.0008604  0.00339366 0.00198326]
 [0.00101913 0.00243312 0.00190537 0.00200986 0.00064138]
 [0.00213217 0.00556918 0.00268964 0.00091894 0.002691  ]
 [0.00373093 0.00799737 0.00275861 0.00055055 0.00351843]
 [0.00316269 0.00695327 0.00181924 0.00037836 0.00276873]]"
58,"('vader_Score', 'mean_clickbait', 'minmax_BA_Volume', 'minmax_low_open_pressure', 'minmax_open_norm')",0.0013088940177112818,0.0013977936292413173,"[[0.00516355 0.00130194 0.00128382 0.00140486 0.00165361]
 [0.00622601 0.0019517  0.00133416 0.00178248 0.00158437]
 [0.00757455 0.00251096 0.00143676 0.00214409 0.00147366]
 [0.00819291 0.00310612 0.00158968 0.00242608 0.00134657]
 [0.0077618  0.00313591 0.00193616 0.0026247  0.00166515]
 [0.0063276  0.00261781 0.00242357 0.00276238 0.00210189]
 [0.004319   0.00136641 0.00269574 0.00248718 0.00218128]
 [0.00253653 0.00311103 0.00203482 0.00201536 0.00170242]
 [0.00269774 0.00644007 0.00128466 0.00137005 0.00105092]
 [0.00293581 0.00702857 0.00190163 0.00076819 0.00132174]]"
59,"('vader_Score', 'norm_rsi_gspc_14', 'log_return_5', 'minmax_low_open_pressure', 'minmax_close_norm')",0.00110993767157197,0.0015150451709749898,"[[0.00598392 0.00584602 0.00250537 0.00157972 0.00492946]
 [0.00562915 0.00491973 0.00236959 0.00122005 0.00374972]
 [0.00496568 0.00333835 0.00182952 0.00119336 0.00252612]
 [0.00521837 0.00177137 0.00121586 0.00134795 0.00153446]
 [0.00456668 0.00119131 0.00079364 0.00189175 0.00116661]
 [0.00389389 0.00167269 0.00067755 0.00230575 0.00104986]
 [0.00246331 0.00171553 0.00083463 0.00236642 0.00101105]
 [0.00161469 0.00088834 0.00127762 0.002164   0.00104779]
 [0.00172833 0.00131617 0.00211451 0.00169092 0.00103501]
 [0.00341986 0.00276006 0.00271988 0.00129912 0.00099681]]"
60,"('vader_Score', 'norm_slowk_14', 'norm_roc_14', 'minmax_close_norm', 'minmax_high_norm')",0.0012306845746934414,0.0015308472447547105,"[[0.0026683  0.00660545 0.00254536 0.00063442 0.00118647]
 [0.00275545 0.00615326 0.00258379 0.00058594 0.00092144]
 [0.00321113 0.00521698 0.00243675 0.00051661 0.00085658]
 [0.00302585 0.00464583 0.00206515 0.00049202 0.00119729]
 [0.00237021 0.00454506 0.00159107 0.00044764 0.00133617]
 [0.0022175  0.00463602 0.0012241  0.00045794 0.00125366]
 [0.00238297 0.00452229 0.00107605 0.0007777  0.00117941]
 [0.00212744 0.003848   0.0011079  0.00122583 0.00141595]
 [0.00180021 0.00295421 0.00125643 0.00146824 0.00188215]
 [0.00212299 0.00212662 0.00111581 0.00126474 0.00188898]]"
61,"('vader_Score', 'minmax_BA_Volume', 'log_return_1', 'minmax_daily_variation', 'minmax_close_norm')",0.0012234981404617429,0.0011128272443877148,"[[0.00377139 0.00191885 0.00018428 0.0032708  0.00166592]
 [0.00329674 0.00176667 0.00024641 0.00377921 0.00172695]
 [0.00287304 0.00200217 0.00033134 0.00402475 0.001697  ]
 [0.00246332 0.00207601 0.00039059 0.0040879  0.00175084]
 [0.00261927 0.00229491 0.000484   0.00334269 0.00195491]
 [0.00301282 0.00230278 0.000595   0.00266981 0.00196813]
 [0.00317219 0.00196318 0.00066211 0.00208372 0.00185852]
 [0.00292239 0.0016231  0.00067569 0.00221173 0.00155905]
 [0.0026814  0.00121163 0.00095387 0.00270344 0.00147714]
 [0.00274888 0.00105635 0.0009865  0.00220874 0.00122259]]"
62,"('mean_future', 'mean_influential', 'mean_trustworthy', 'minmax_low_norm', 'minmax_close_norm')",0.0013000924373045564,0.0015869968056811405,"[[0.00599438 0.00425057 0.01026056 0.00804227 0.00898515]
 [0.00532156 0.00497054 0.0108373  0.00926888 0.01007638]
 [0.00343898 0.00459496 0.01019161 0.00965396 0.00966475]
 [0.00116507 0.00345509 0.00708532 0.00870736 0.00816535]
 [0.00263967 0.00192184 0.00276196 0.00712679 0.00601251]
 [0.00572679 0.00100002 0.00313435 0.00485989 0.00326522]
 [0.00825401 0.00124179 0.00843305 0.00211632 0.00124464]
 [0.00914824 0.00136578 0.01236053 0.00098123 0.00179459]
 [0.00779838 0.00092653 0.01326679 0.00202389 0.001643  ]
 [0.00449603 0.00144306 0.0097117  0.00142537 0.00061936]]"
63,"('mean_future', 'mean_influential', 'mean_clickbait', 'norm_rsi_14', 'minmax_high_norm')",0.0012789058964699507,0.0018875300502202736,"[[0.00279159 0.00272186 0.000953   0.00138884 0.00096956]
 [0.00383264 0.00327105 0.00090004 0.00114395 0.0010359 ]
 [0.00413967 0.003641   0.00088642 0.00081225 0.00089184]
 [0.00332975 0.00350496 0.00052315 0.000685   0.00089017]
 [0.00170362 0.00279639 0.0002898  0.0008764  0.00099467]
 [0.00132241 0.0023631  0.00099925 0.00113195 0.00097025]
 [0.00402621 0.00307214 0.00194284 0.00104315 0.00091708]
 [0.00615578 0.00508973 0.00273935 0.00040401 0.00060812]
 [0.00647537 0.00621348 0.00301771 0.00078926 0.00082043]
 [0.00454507 0.0052005  0.00219976 0.00158581 0.00106242]]"
64,"('mean_future', 'mean_influential', 'norm_rsi_gspc_14', 'minmax_BA_Volume', 'log_return_1')",0.0013328619534149766,0.001527326237756309,"[[0.01153548 0.00908459 0.00583143 0.00469533 0.00233563]
 [0.01113473 0.0094311  0.00508376 0.0040072  0.00155718]
 [0.00968551 0.00754006 0.00358236 0.00331277 0.00100049]
 [0.00762001 0.00535239 0.00141626 0.00275141 0.00094606]
 [0.00542084 0.00387588 0.00167161 0.00250835 0.00139179]
 [0.00348591 0.00307741 0.0041313  0.00266908 0.00175845]
 [0.00247394 0.00467249 0.00560001 0.00254383 0.00207699]
 [0.0021751  0.00643187 0.00529036 0.0023164  0.00199414]
 [0.00220794 0.00733276 0.00329067 0.00185957 0.00167793]
 [0.00091972 0.00689191 0.00135882 0.00196712 0.00143854]]"
65,"('mean_future', 'mean_influential', 'norm_slowk_14', 'norm_roc_14', 'minmax_open_norm')",0.0013358646538108587,0.0011473661032721585,"[[0.0025316  0.00325379 0.00678722 0.00583615 0.00353486]
 [0.00161617 0.00279666 0.00448799 0.00465499 0.00257519]
 [0.00213718 0.00202817 0.00276809 0.00362044 0.00172583]
 [0.00395783 0.00201832 0.00284197 0.00261424 0.00133891]
 [0.00565013 0.00357411 0.00366364 0.0016603  0.00148535]
 [0.00703008 0.00492576 0.00394606 0.00086603 0.00180593]
 [0.00772642 0.00549992 0.00388288 0.00148573 0.00170066]
 [0.00729231 0.00658646 0.00372022 0.00283579 0.00142981]
 [0.00573417 0.00618879 0.00317994 0.00383833 0.00139807]
 [0.00331793 0.00437926 0.00240936 0.00367224 0.00133444]]"
66,"('mean_future', 'mean_influential', 'EURUSD=X_Close', 'minmax_high_close_pressure', 'minmax_low_open_pressure')",0.0013667375314980745,0.0018510013983091887,"[[3.80831660e-03 2.98177085e-03 1.53607669e-04 9.31789948e-04
  3.43815159e-04]
 [3.21248520e-03 2.67067131e-03 1.72894463e-04 1.02382561e-03
  7.66840154e-04]
 [1.97368643e-03 1.71852806e-03 1.92821112e-04 9.97267820e-04
  1.22977621e-03]
 [6.54679865e-04 8.06135738e-04 2.12041858e-04 8.41432433e-04
  1.48347693e-03]
 [2.17955873e-03 2.51288306e-03 2.10887012e-04 6.77935881e-04
  1.55979388e-03]
 [4.65572399e-03 5.49067812e-03 1.82594302e-04 6.32675110e-04
  1.34938460e-03]
 [6.75997465e-03 8.71723561e-03 1.23950587e-04 9.72686945e-04
  7.63588048e-04]
 [7.59871091e-03 1.15205506e-02 6.73341462e-05 1.53887372e-03
  5.61385125e-04]
 [6.31033391e-03 1.27097503e-02 1.11762603e-04 2.53767753e-03
  5.29369319e-04]
 [3.10599065e-03 1.08021526e-02 1.33290354e-04 3.09889677e-03
  3.19666477e-04]]"
67,"('mean_future', 'mean_trustworthy', 'minmax_BA_Volume', 'minmax_low_open_pressure', 'minmax_high_norm')",0.0013909183908253908,0.0013934206174277114,"[[0.00577176 0.00738913 0.00309598 0.00117466 0.00263678]
 [0.0059302  0.00752218 0.00320395 0.0012948  0.00230197]
 [0.00563594 0.00679559 0.0033887  0.00161222 0.00178503]
 [0.00419263 0.00495874 0.00330643 0.00196139 0.00140636]
 [0.00232826 0.00250474 0.00298434 0.00219698 0.00112875]
 [0.00192238 0.00144639 0.0027092  0.00214242 0.00136316]
 [0.00302338 0.00390356 0.00232706 0.00155722 0.00182794]
 [0.00409573 0.00683444 0.00175667 0.00080476 0.00194392]
 [0.00370395 0.00848949 0.00083748 0.00044099 0.00175018]
 [0.00189041 0.00699305 0.00084211 0.00025097 0.00123621]]"
68,"('mean_future', 'mean_trustworthy', 'EURUSD=X_Close', 'minmax_daily_variation', 'minmax_open_norm')",0.0013829494128003716,0.0013064739965450239,"[[4.08567005e-03 3.69222440e-03 9.45596103e-05 2.34835065e-03
  1.96317079e-03]
 [3.96254421e-03 4.24692062e-03 9.41928568e-05 2.50452637e-03
  1.86622009e-03]
 [3.33158759e-03 4.47992971e-03 8.78283311e-05 2.41988683e-03
  1.57175989e-03]
 [2.16972336e-03 4.13131200e-03 8.11065584e-05 1.89399679e-03
  1.19625812e-03]
 [8.70864135e-04 3.03893817e-03 8.41463257e-05 1.08145395e-03
  1.02514884e-03]
 [1.65609821e-03 1.60148923e-03 8.79510560e-05 8.65389511e-04
  1.14227164e-03]
 [4.03576732e-03 2.77409947e-03 8.89831806e-05 1.48913660e-03
  1.35028495e-03]
 [6.01598413e-03 6.77346504e-03 8.58172303e-05 1.77243360e-03
  1.72275575e-03]
 [6.52685908e-03 1.01467011e-02 1.21315674e-04 1.05693880e-03
  2.10804418e-03]
 [4.56772163e-03 9.98852257e-03 1.72301518e-04 1.26559651e-03
  2.20903733e-03]]"
69,"('mean_future', 'mean_clickbait', 'log_return_5', 'log_return_1', 'minmax_close_norm')",0.0012621040223166347,0.0019409804332470837,"[[0.00324064 0.00095236 0.00090094 0.00021212 0.00154177]
 [0.00289036 0.00085789 0.0010201  0.00016659 0.00170974]
 [0.00222699 0.00098603 0.00101307 0.00012551 0.00150224]
 [0.00278114 0.00161261 0.00108865 0.00010616 0.00108557]
 [0.00445944 0.00286715 0.00113479 0.00016896 0.00110323]
 [0.00647811 0.00484801 0.00118523 0.0002117  0.00158847]
 [0.00766932 0.007205   0.00119482 0.00025088 0.0018684 ]
 [0.00697912 0.00908683 0.00101777 0.00024934 0.0016051 ]
 [0.00472382 0.00982317 0.000634   0.0001835  0.00094619]
 [0.00192475 0.00754458 0.00034593 0.00010619 0.00044917]]"
70,"('mean_future', 'norm_rsi_gspc_14', 'norm_roc_14', 'minmax_daily_variation', 'minmax_low_norm')",0.001329242717474699,0.0015408632478131784,"[[0.00105139 0.00303092 0.0033682  0.00242017 0.00182155]
 [0.00146447 0.00259138 0.00252577 0.00284652 0.00162376]
 [0.00185917 0.002008   0.00165598 0.00318113 0.00141875]
 [0.0021554  0.00146122 0.00088145 0.00319715 0.00115738]
 [0.00231822 0.00122872 0.00093451 0.00302575 0.00128444]
 [0.00233538 0.00136794 0.00115859 0.00251501 0.00143624]
 [0.00219142 0.00168569 0.0010126  0.00195085 0.00118883]
 [0.00229622 0.00150465 0.00135304 0.00219376 0.00050116]
 [0.00281131 0.00113861 0.00289677 0.00217742 0.00104867]
 [0.00337498 0.00218139 0.0059409  0.00200639 0.00278079]]"
71,"('mean_future', 'norm_slowk_14', 'log_return_5', 'minmax_daily_variation', 'minmax_high_norm')",0.0012923938920721412,0.0010744678983774798,"[[0.00289667 0.00433652 0.00304486 0.00286625 0.00265092]
 [0.00272467 0.00447081 0.00261744 0.00299811 0.00259487]
 [0.00254713 0.00415292 0.00200388 0.0031255  0.00216269]
 [0.00239544 0.00373271 0.00215788 0.00326466 0.002082  ]
 [0.00232942 0.0042208  0.00242975 0.0029251  0.00194326]
 [0.00232668 0.00457457 0.00200558 0.00245985 0.00165536]
 [0.00190883 0.00436151 0.00126307 0.00189264 0.00122977]
 [0.00162853 0.00332237 0.00086148 0.00163245 0.00079847]
 [0.00188731 0.00211779 0.00070297 0.00127784 0.00064171]
 [0.00273715 0.00167929 0.00062924 0.00122918 0.00104937]]"
72,"('mean_influential', 'mean_trustworthy', 'mean_clickbait', 'norm_rsi_gspc_14', 'norm_slowk_14')",0.001366127748042345,0.0013510637704698201,"[[0.00564305 0.00210075 0.00274249 0.00571217 0.00490208]
 [0.00685566 0.00193166 0.00222903 0.00427682 0.00403646]
 [0.006809   0.00197357 0.0017609  0.00215695 0.00257396]
 [0.00567622 0.00167715 0.00114225 0.00342708 0.00185418]
 [0.0041187  0.00147886 0.00067708 0.00657507 0.0036083 ]
 [0.00275394 0.00126337 0.0009     0.00749259 0.00577903]
 [0.00276752 0.001952   0.001411   0.00506266 0.0064998 ]
 [0.00358532 0.00376239 0.00240951 0.00114387 0.0051122 ]
 [0.0031142  0.00486165 0.00332033 0.00493729 0.00484175]
 [0.0018272  0.00389926 0.0030694  0.006408   0.00448074]]"
73,"('mean_influential', 'norm_rsi_14', 'norm_roc_14', 'minmax_BA_Volume', 'minmax_close_norm')",0.001323748379945755,0.0012205983858105751,"[[0.00217842 0.00302812 0.0020135  0.00242172 0.00223815]
 [0.00159611 0.00248489 0.00163054 0.00177838 0.00194048]
 [0.00140942 0.00198113 0.00147793 0.00124979 0.00155447]
 [0.00155618 0.00157552 0.00131064 0.00103293 0.00129103]
 [0.00184971 0.00151579 0.00118184 0.00104189 0.00187673]
 [0.0025634  0.00211246 0.00099209 0.00149308 0.00235354]
 [0.00257119 0.00236003 0.00092718 0.00193605 0.0023641 ]
 [0.00216136 0.00203973 0.00104098 0.00205145 0.0019341 ]
 [0.00191507 0.00112772 0.00126376 0.00158977 0.00106786]
 [0.00197755 0.00020582 0.00148627 0.0008629  0.00075631]]"
74,"('mean_influential', 'norm_rsi_14', 'minmax_daily_variation', 'minmax_high_close_pressure', 'minmax_low_norm')",0.001216998090967536,0.0011479761556004268,"[[0.0023899  0.00342119 0.00652548 0.00292174 0.00215789]
 [0.00149374 0.0024993  0.00716373 0.00391655 0.00186257]
 [0.00113209 0.00164645 0.00764038 0.00470229 0.00258891]
 [0.00141839 0.00117271 0.00726641 0.00534759 0.00288226]
 [0.00186985 0.00088049 0.00605871 0.00566522 0.00266919]
 [0.00228579 0.00060788 0.00417736 0.00543846 0.00164464]
 [0.00243426 0.00045074 0.00224214 0.00434129 0.00139225]
 [0.00290731 0.00095075 0.00131815 0.00243914 0.0035401 ]
 [0.00366722 0.00159209 0.00141704 0.00077842 0.00533967]
 [0.00378336 0.00152488 0.00101039 0.00101839 0.00539698]]"
75,"('mean_influential', 'log_return_1', 'EURUSD=X_Close', 'minmax_close_norm', 'minmax_open_norm')",0.0013384853955358267,0.001545243211747969,"[[0.00157797 0.00064388 0.00063649 0.0035704  0.00234419]
 [0.0019202  0.00054437 0.00053415 0.00332104 0.00229562]
 [0.00198764 0.00056739 0.00042465 0.00283446 0.0020008 ]
 [0.00214975 0.00053642 0.0003441  0.00221574 0.00153688]
 [0.00242293 0.00063358 0.00030579 0.00147234 0.00110347]
 [0.0033839  0.000815   0.00028846 0.00073287 0.00074465]
 [0.0033005  0.00099394 0.00029856 0.00109443 0.00061888]
 [0.00261125 0.00103621 0.00031634 0.00171316 0.00084153]
 [0.00185354 0.00080938 0.00032983 0.00187493 0.00103573]
 [0.00370451 0.0005476  0.00025956 0.00133227 0.00098652]]"
76,"('mean_trustworthy', 'mean_clickbait', 'minmax_BA_Volume', 'log_return_1', 'EURUSD=X_Close')",0.001349032623693347,0.002400114490065274,"[[6.92117120e-04 9.03340489e-04 3.47750023e-04 2.27206863e-04
  2.57123045e-05]
 [4.81264150e-04 9.24974987e-04 2.38590880e-04 3.64825441e-04
  4.84255968e-05]
 [4.71669585e-04 6.97630512e-04 4.37825153e-04 5.91305819e-04
  8.04623299e-05]
 [6.32935152e-04 3.76944182e-04 3.94286607e-04 8.38068781e-04
  1.04781344e-04]
 [8.70781330e-04 3.55235821e-04 4.62530563e-04 1.08105716e-03
  1.10768074e-04]
 [1.09714561e-03 6.43408120e-04 1.26084809e-03 9.93905482e-04
  9.31061946e-05]
 [1.31183811e-03 7.01794689e-04 1.68642002e-03 6.41699685e-04
  6.48449849e-05]
 [1.79741519e-03 5.48386034e-04 1.07259819e-03 2.13295997e-04
  5.67282675e-05]
 [2.68416920e-03 9.31177563e-04 9.92329999e-04 4.86525475e-04
  7.97628017e-05]
 [3.39801219e-03 1.35551920e-03 3.27405704e-03 5.34286120e-04
  1.22301795e-04]]"
77,"('mean_trustworthy', 'mean_clickbait', 'minmax_daily_variation', 'minmax_low_open_pressure', 'minmax_low_norm')",0.0010355873964726925,0.0012017972331246124,"[[0.00196569 0.00251931 0.00231082 0.00137179 0.00211674]
 [0.0020434  0.00205102 0.00299377 0.0011048  0.00188957]
 [0.00255407 0.00172868 0.00362802 0.00096179 0.0015913 ]
 [0.0026656  0.00152089 0.00377547 0.00069129 0.00153984]
 [0.00237945 0.00155609 0.00289299 0.0006439  0.00187759]
 [0.00213369 0.00165103 0.00191046 0.00062368 0.00225009]
 [0.00174041 0.00172809 0.00110963 0.00060775 0.00211031]
 [0.00160258 0.0015829  0.00148311 0.0005344  0.00209059]
 [0.00183301 0.00229208 0.00155376 0.00041321 0.00226491]
 [0.00249319 0.00346068 0.00064748 0.00059614 0.00235815]]"
78,"('mean_trustworthy', 'norm_rsi_14', 'norm_rsi_gspc_14', 'norm_roc_14', 'minmax_open_norm')",0.001342484843917191,0.0009585210154966189,"[[0.00406486 0.00600085 0.00474151 0.0039231  0.00210806]
 [0.00388934 0.00507329 0.0042626  0.00236282 0.00198708]
 [0.00298526 0.00363453 0.00328574 0.00193379 0.00170757]
 [0.00215517 0.00215481 0.00218556 0.00222899 0.00144517]
 [0.00219327 0.00109932 0.00158348 0.00262496 0.00134385]
 [0.00264288 0.00099793 0.00118158 0.00239383 0.00115714]
 [0.00258246 0.00140853 0.00121652 0.00208151 0.00091246]
 [0.00210503 0.00153521 0.00098706 0.0024579  0.00070019]
 [0.0016292  0.00129501 0.00088722 0.00286389 0.00094333]
 [0.00139597 0.00110115 0.00146157 0.00423285 0.00153201]]"
79,"('mean_trustworthy', 'norm_rsi_14', 'norm_slowk_14', 'minmax_BA_Volume', 'log_return_5')",0.0013256395468488336,0.0009507331809738287,"[[0.00212917 0.00377059 0.00563483 0.00428539 0.00107419]
 [0.00340986 0.00343851 0.00526152 0.00319736 0.00108262]
 [0.0042264  0.00296804 0.00421104 0.00205664 0.00109487]
 [0.00377738 0.00235963 0.00334698 0.00188561 0.00111547]
 [0.00295969 0.00178962 0.00291637 0.00261549 0.00113756]
 [0.00301488 0.00132986 0.00334958 0.0036966  0.00087993]
 [0.0031102  0.00108901 0.00378248 0.00402819 0.00069232]
 [0.00321664 0.00100674 0.00355808 0.00356936 0.00053202]
 [0.0025902  0.00097631 0.00281839 0.00216978 0.00066621]
 [0.00219546 0.00098632 0.00291352 0.00055913 0.0008367 ]]"
80,"('mean_trustworthy', 'norm_rsi_14', 'log_return_1', 'minmax_close_norm', 'minmax_high_norm')",0.001328144920989871,0.0016165975010564591,"[[1.83633405e-03 1.49185178e-03 3.50000964e-04 9.33549942e-04
  1.65647497e-03]
 [1.74456897e-03 1.31110505e-03 3.82657581e-04 8.57237383e-04
  1.76428815e-03]
 [2.26274016e-03 1.23541439e-03 3.42984263e-04 6.43330722e-04
  1.57552723e-03]
 [2.77851031e-03 1.28315352e-03 2.80794247e-04 8.34273670e-04
  1.38926824e-03]
 [3.12410429e-03 1.30257577e-03 2.42982379e-04 1.45968466e-03
  1.16171287e-03]
 [3.24925972e-03 1.18597711e-03 1.59592295e-04 1.87704558e-03
  9.83665555e-04]
 [2.67829324e-03 9.78912083e-04 1.34268289e-04 1.93717373e-03
  7.60774220e-04]
 [1.63027864e-03 8.22978534e-04 1.63518436e-04 1.52339682e-03
  7.32977011e-04]
 [1.81049907e-03 9.83039938e-04 1.41694024e-04 8.15334964e-04
  8.47912500e-04]
 [2.32304780e-03 1.36438725e-03 6.98189709e-05 3.21904589e-04
  6.13731543e-04]]"
81,"('mean_trustworthy', 'norm_slowk_14', 'minmax_low_norm', 'minmax_high_norm', 'minmax_open_norm')",0.0013434176798909903,0.0013863996122516807,"[[0.00246228 0.00412782 0.00491809 0.00239257 0.00138901]
 [0.00241126 0.00307788 0.00447654 0.00250965 0.0012889 ]
 [0.00226082 0.0016881  0.00386909 0.00231554 0.00113883]
 [0.00229268 0.00125815 0.00294672 0.00186665 0.00078571]
 [0.00284691 0.00165576 0.00206116 0.0014872  0.00062845]
 [0.00313816 0.0022671  0.00143599 0.00102744 0.00055311]
 [0.0024886  0.00266868 0.00116068 0.00085483 0.00035954]
 [0.00161773 0.00248887 0.00126262 0.00078708 0.00025134]
 [0.00291384 0.00228613 0.0010838  0.0007195  0.0003968 ]
 [0.00420606 0.00300987 0.00032716 0.0005616  0.00090695]]"
82,"('mean_clickbait', 'norm_rsi_14', 'norm_rsi_gspc_14', 'minmax_high_close_pressure', 'minmax_low_open_pressure')",0.0013447116361930966,0.0016447000952304887,"[[0.00129035 0.00249239 0.00378314 0.00074595 0.00071912]
 [0.001138   0.00247312 0.00281332 0.00081859 0.00101086]
 [0.00110416 0.00217244 0.00201442 0.00096813 0.00136635]
 [0.00104003 0.00170815 0.00139362 0.00109657 0.00150269]
 [0.00090688 0.00132459 0.00113846 0.00114621 0.00150976]
 [0.00063951 0.00084602 0.00138188 0.00097201 0.00131731]
 [0.00046964 0.00111484 0.00139753 0.00110399 0.00102403]
 [0.00141009 0.00172972 0.00088623 0.001271   0.00082675]
 [0.00313379 0.00206414 0.0007446  0.00140407 0.00095256]
 [0.00412758 0.00185793 0.00160164 0.0015811  0.00045087]]"
83,"('mean_clickbait', 'norm_rsi_gspc_14', 'norm_roc_14', 'minmax_BA_Volume', 'log_return_5')",0.0011938271345570683,0.0013253588284201482,"[[0.00624944 0.00571676 0.00385279 0.00630183 0.00172324]
 [0.00497002 0.00525035 0.0028696  0.00468775 0.00148033]
 [0.00343876 0.00411284 0.00194556 0.00370384 0.00102295]
 [0.00204732 0.00221313 0.00099027 0.00309749 0.00064115]
 [0.00155908 0.00125083 0.0009353  0.00249728 0.00048558]
 [0.00218141 0.00348037 0.00153752 0.00177329 0.00090354]
 [0.002885   0.00551536 0.00186788 0.00115053 0.00131925]
 [0.00367442 0.00534957 0.00193485 0.00063898 0.00140678]
 [0.00487659 0.00231134 0.00201334 0.00206704 0.00117679]
 [0.00500512 0.00318856 0.00196738 0.00468809 0.00092381]]"
84,"('mean_clickbait', 'norm_slowk_14', 'norm_roc_14', 'log_return_1', 'minmax_low_norm')",0.001193240866996348,0.0020378861216260205,"[[0.00116842 0.00324083 0.00197376 0.00019681 0.00239957]
 [0.0012904  0.00300132 0.00180781 0.00015376 0.00205857]
 [0.00136048 0.00236542 0.00143726 0.00012365 0.00166354]
 [0.00155931 0.00183888 0.00103677 0.00013094 0.00110397]
 [0.00185712 0.00173695 0.00064915 0.00018596 0.00056257]
 [0.00256696 0.00163099 0.00042467 0.00026863 0.00038717]
 [0.0036013  0.00165307 0.00044702 0.00037264 0.00042877]
 [0.00489104 0.00127299 0.00060695 0.00048311 0.0003661 ]
 [0.00581594 0.00085122 0.00100506 0.00052134 0.00054843]
 [0.00491221 0.0013832  0.00104857 0.00043559 0.00104124]]"
85,"('mean_clickbait', 'norm_slowk_14', 'EURUSD=X_Close', 'minmax_high_close_pressure', 'minmax_close_norm')",0.0012464848114177585,0.0014128639817240737,"[[2.18459384e-03 2.95073157e-03 1.96666536e-04 6.75108208e-04
  2.00797043e-03]
 [2.15946884e-03 2.47891207e-03 1.38870627e-04 5.90256284e-04
  1.50139697e-03]
 [2.07393201e-03 1.68344769e-03 1.62920966e-04 4.87371001e-04
  1.12365395e-03]
 [1.87417715e-03 1.46761728e-03 1.89098085e-04 3.89345165e-04
  1.14389572e-03]
 [1.58360797e-03 1.95494348e-03 2.02518104e-04 4.87350119e-04
  1.62578537e-03]
 [1.20462096e-03 2.46133292e-03 2.04431177e-04 6.54498475e-04
  2.01207645e-03]
 [1.11433445e-03 2.87976825e-03 1.87822788e-04 7.23196852e-04
  2.13381327e-03]
 [2.43603360e-03 3.31015676e-03 1.57109666e-04 6.77187115e-04
  1.99303039e-03]
 [3.98906314e-03 4.24577377e-03 1.10940991e-04 7.55098329e-04
  1.65213045e-03]
 [4.59496371e-03 5.31969688e-03 7.67874875e-05 1.22289858e-03
  1.19478060e-03]]"
86,"('mean_clickbait', 'log_return_5', 'minmax_high_close_pressure', 'minmax_low_norm', 'minmax_open_norm')",0.0012924972688779235,0.0019317937987112662,"[[0.00164476 0.00126338 0.00178786 0.00412243 0.00483008]
 [0.00115462 0.00102309 0.00165755 0.00422949 0.00476506]
 [0.00094906 0.00084576 0.0016157  0.00425671 0.00471848]
 [0.00088962 0.00078528 0.00170718 0.00409795 0.00452739]
 [0.0008936  0.00085186 0.00204426 0.00404531 0.00443869]
 [0.00088385 0.00091243 0.00223299 0.00385921 0.00422295]
 [0.00074509 0.00099153 0.00221383 0.00320015 0.00342007]
 [0.00181736 0.00103124 0.00161218 0.00228972 0.00214157]
 [0.0044146  0.00095033 0.00084801 0.00128888 0.00058634]
 [0.00638448 0.00074675 0.00154171 0.00075367 0.00077594]]"
87,"('norm_rsi_14', 'norm_roc_14', 'log_return_5', 'minmax_low_norm', 'minmax_high_norm')",0.001380703877657652,0.0019967068093410772,"[[0.00294823 0.00514416 0.00032476 0.00535961 0.00147466]
 [0.00173553 0.00408392 0.00036357 0.00465471 0.00223859]
 [0.0026753  0.00304154 0.0004298  0.0039181  0.00290701]
 [0.00326114 0.00212649 0.00049034 0.00309079 0.00340875]
 [0.00343095 0.0014515  0.00057575 0.00245846 0.00382832]
 [0.00309918 0.00092194 0.00077854 0.00199893 0.00388523]
 [0.00218878 0.00060053 0.00109673 0.00171267 0.00341824]
 [0.00094033 0.0004283  0.00145918 0.00172964 0.00259896]
 [0.00023363 0.00027468 0.00174919 0.00192791 0.00160518]
 [0.00064388 0.00034996 0.00163096 0.00171722 0.00066362]]"
88,"('norm_rsi_14', 'minmax_BA_Volume', 'log_return_1', 'minmax_low_open_pressure', 'minmax_low_norm')",0.0013672072673216462,0.0021401268510067195,"[[0.00094073 0.00225254 0.00016552 0.00108458 0.00031528]
 [0.00088875 0.00206597 0.00018767 0.00155224 0.00052814]
 [0.00079959 0.00178303 0.00023371 0.00207462 0.00086673]
 [0.00064559 0.00134871 0.00028752 0.00249316 0.0012225 ]
 [0.00046414 0.00115115 0.00041077 0.00277802 0.00171228]
 [0.00027081 0.00158602 0.00052193 0.00281386 0.00217501]
 [0.00030006 0.00241361 0.0006054  0.00238788 0.00219941]
 [0.00031974 0.00249728 0.00049346 0.00174373 0.00174092]
 [0.00013252 0.00101093 0.00027299 0.00110116 0.00068228]
 [0.00033542 0.00172207 0.0006186  0.00061131 0.00088725]]"
89,"('norm_rsi_14', 'minmax_BA_Volume', 'EURUSD=X_Close', 'minmax_high_norm', 'minmax_open_norm')",0.0013891096459701657,0.0020976184804969967,"[[0.00085195 0.00074027 0.00069643 0.00186914 0.00177428]
 [0.00076691 0.00044117 0.00051237 0.0019091  0.00168288]
 [0.00073821 0.00050716 0.00036228 0.00181783 0.00147457]
 [0.00079119 0.00085036 0.00024894 0.00163147 0.00120311]
 [0.00078717 0.00106822 0.00017647 0.00140786 0.00085085]
 [0.00075329 0.00113472 0.00014676 0.00096723 0.00051147]
 [0.00064894 0.0007987  0.00016314 0.00032699 0.0002303 ]
 [0.00037131 0.00027978 0.00021562 0.00051438 0.00016602]
 [0.00026731 0.00152651 0.00027567 0.00113644 0.00054395]
 [0.0008518  0.00288466 0.00029312 0.00133133 0.00112606]]"
90,"('norm_rsi_14', 'log_return_5', 'log_return_1', 'EURUSD=X_Close', 'minmax_daily_variation')",0.0014045402640476823,0.0017468198227779737,"[[1.97728945e-03 7.00921836e-04 1.36611747e-04 2.18852698e-04
  3.29729847e-03]
 [2.31872035e-03 6.48630093e-04 1.21348609e-04 2.14190772e-04
  3.78745244e-03]
 [2.27380883e-03 5.84456381e-04 1.49139186e-04 2.05480024e-04
  3.41138793e-03]
 [1.77438095e-03 5.43464232e-04 1.61771764e-04 1.84826296e-04
  2.16723570e-03]
 [9.99872123e-04 5.51415475e-04 1.99188931e-04 1.48627653e-04
  1.95575656e-03]
 [1.65666905e-03 9.59483386e-04 4.36051744e-04 9.37428667e-05
  3.23642701e-03]
 [2.74535302e-03 1.62083977e-03 8.89386576e-04 6.75622373e-05
  3.63586749e-03]
 [3.31317668e-03 2.41110755e-03 1.41479021e-03 8.98480810e-05
  2.89774240e-03]
 [2.81388911e-03 2.93728371e-03 1.78533723e-03 9.20612614e-05
  1.36082477e-03]
 [1.35467706e-03 2.59915549e-03 1.64194541e-03 5.28705185e-05
  1.38119465e-03]]"
91,"('norm_rsi_gspc_14', 'norm_slowk_14', 'minmax_BA_Volume', 'EURUSD=X_Close', 'minmax_daily_variation')",0.0013836644357070327,0.001293260625047442,"[[0.00157113 0.00311363 0.00423031 0.00015275 0.00183454]
 [0.00114029 0.00292537 0.00402914 0.00020051 0.00187098]
 [0.00081568 0.00238813 0.0041767  0.00025936 0.00215888]
 [0.00071914 0.00199549 0.00439551 0.00033657 0.00213707]
 [0.00082453 0.0021197  0.00424408 0.0004088  0.00198655]
 [0.00070901 0.0019136  0.0039362  0.00046734 0.00196558]
 [0.00058412 0.00179682 0.00309534 0.00050312 0.0018524 ]
 [0.00122225 0.00153334 0.00231395 0.00050689 0.00194136]
 [0.00210113 0.00166344 0.00156961 0.00046248 0.00176979]
 [0.00264576 0.00410531 0.00204231 0.00036249 0.0014187 ]]"
92,"('norm_rsi_gspc_14', 'norm_slowk_14', 'log_return_5', 'log_return_1', 'minmax_open_norm')",0.0014245477505028248,0.00175098881259526,"[[0.00633702 0.00742501 0.00102816 0.00081689 0.00442842]
 [0.00471378 0.00623329 0.00107437 0.00070267 0.00339393]
 [0.00316148 0.00510806 0.00129536 0.00055276 0.00263205]
 [0.00188575 0.00416794 0.00145938 0.00037758 0.00209794]
 [0.00154482 0.00410347 0.00145952 0.00033511 0.00207333]
 [0.00147921 0.00370674 0.00124915 0.00022944 0.00200482]
 [0.00149237 0.00348714 0.00100905 0.00022177 0.001579  ]
 [0.00119313 0.00328644 0.00075508 0.00020716 0.00132686]
 [0.0008054  0.00298635 0.00056105 0.00025766 0.00122084]
 [0.00068617 0.00288469 0.00041992 0.00032523 0.00091299]]"
93,"('norm_rsi_gspc_14', 'norm_roc_14', 'log_return_1', 'EURUSD=X_Close', 'minmax_low_open_pressure')",0.0012740467209368944,0.0021076358670236157,"[[0.00453334 0.00278073 0.00135742 0.00019659 0.00033514]
 [0.0036391  0.00219063 0.00129505 0.00018142 0.00033275]
 [0.00245448 0.00165159 0.00109325 0.00015721 0.00065535]
 [0.00143766 0.00134348 0.00094728 0.00013516 0.00104086]
 [0.00119312 0.00119829 0.00082424 0.00011647 0.00151454]
 [0.00145381 0.00111986 0.00073557 0.00011089 0.00195429]
 [0.00158657 0.00124624 0.00069209 0.00011635 0.00230034]
 [0.00131223 0.00128977 0.00072101 0.00015456 0.00253785]
 [0.00135611 0.00141713 0.00094598 0.00021313 0.00257967]
 [0.00281078 0.00174248 0.00109397 0.00020135 0.0019775 ]]"
94,"('norm_rsi_gspc_14', 'minmax_BA_Volume', 'minmax_low_norm', 'minmax_close_norm', 'minmax_high_norm')",0.0013593262992799282,0.0020455464622692056,"[[0.00315691 0.00385048 0.00274341 0.00334845 0.00190788]
 [0.00238415 0.00291139 0.00383904 0.00366624 0.00223896]
 [0.00110338 0.00264054 0.00461116 0.00327004 0.0028821 ]
 [0.000713   0.00314396 0.00467657 0.00244676 0.00346644]
 [0.00189652 0.00405991 0.00443881 0.00163727 0.0039436 ]
 [0.00281751 0.00491093 0.00358678 0.00130821 0.00387599]
 [0.0028192  0.0046405  0.00204311 0.00177706 0.00293625]
 [0.00174505 0.00308269 0.00185237 0.00245886 0.00150464]
 [0.00082019 0.00150045 0.00229131 0.0021538  0.00113349]
 [0.0014516  0.00333506 0.0016481  0.00116124 0.00115018]]"
95,"('norm_slowk_14', 'norm_roc_14', 'minmax_BA_Volume', 'minmax_high_close_pressure', 'minmax_low_open_pressure')",0.0014145246241241693,0.0014078799723834952,"[[0.00237804 0.00176875 0.00678076 0.00115794 0.00075761]
 [0.00247387 0.00165683 0.00518941 0.00084523 0.00108541]
 [0.00281647 0.00135916 0.00381155 0.00061507 0.00156984]
 [0.0032368  0.00104821 0.00276351 0.00063892 0.00185779]
 [0.00425491 0.00078548 0.00197622 0.00106204 0.00192939]
 [0.00444821 0.00053174 0.00152409 0.00145769 0.00181157]
 [0.00424011 0.00033852 0.00144918 0.00175815 0.00151674]
 [0.00322697 0.00030304 0.00119979 0.00183033 0.00123556]
 [0.00182161 0.00048738 0.00083476 0.00159948 0.00095815]
 [0.00101238 0.00059627 0.00065855 0.00106561 0.00053875]]"
96,"('log_return_5', 'log_return_1', 'minmax_high_close_pressure', 'minmax_low_open_pressure', 'minmax_high_norm')",0.0013869653921574354,0.002111822615043136,"[[0.00171671 0.00021527 0.00208    0.00101127 0.00125036]
 [0.00165924 0.00018039 0.00178904 0.00110052 0.00146583]
 [0.00150557 0.00014868 0.00156172 0.00121942 0.00161827]
 [0.00135555 0.00012172 0.00149368 0.00127319 0.0016744 ]
 [0.00129383 0.0001241  0.00163861 0.00132537 0.00174807]
 [0.00112819 0.00013463 0.00178425 0.00124258 0.00162882]
 [0.00102688 0.00019734 0.00192333 0.00109004 0.00123771]
 [0.00096983 0.00032729 0.00175537 0.00081686 0.00053849]
 [0.00093278 0.00048592 0.00117157 0.0004744  0.0004502 ]
 [0.00084121 0.00054891 0.00053059 0.00038012 0.00128021]]"
