,future,influential,trustworthy,not clickbait,finbert_Score,bart_Score,vader_Score,future_finbert,future_bart,future_vader,influential_finbert,influential_bart,influential_vader,trustworthy_finbert,trustworthy_bart,trustworthy_vader,clickbait_finbert,clickbait_bart,clickbait_vader,Date,EURUSD=X_Close,mean_future,mean_influential,mean_trustworthy,mean_clickbait,norm_rsi_14,norm_rsi_gspc_14,norm_slowk_14,norm_roc_14,log_return_1,log_return_5,log_return_10,log_return_20,log_return_gspc_1,log_return_gspc_5,log_return_gspc_10,log_return_gspc_20,target_1,target_5,target_10,target_20,minmax_^GSPC_Volume,minmax_NFLX_Volume,minmax_daily_variation,minmax_high_close_pressure,minmax_low_open_pressure,minmax_low_norm,minmax_close_norm,minmax_high_norm,minmax_open_norm
0,0.3285466011613607,0.9701197470227878,0.8141122440497081,0.3405920489380757,0.1110077566416666,0.6102596629643813,0.2247358333333333,0.0337790841649301,0.1929806693488797,0.0788294680693621,0.1117031695399947,0.5940635196163706,0.2294611792744695,0.1368608683900219,0.4973768919539809,0.256770881686757,0.0250573073034626,0.2048759602745508,0.0524191158875202,2023-09-01,1.0844104290008545,0.1018630738610573,0.3117426228102783,0.2970028806769199,0.0941174611551779,0.5779124054765107,0.5808516010590975,0.8813095165204164,0.0282855816963016,0.0141950554795116,0.0557446034315436,0.0837760771756457,0.0190027260174803,0.0017975127655187,0.0246743012786243,0.0328790828789582,0.0083925496927736,0.0,0.0066161997235978,-0.1027168316283821,-0.1526665231077455,0.18618970116299036,0.0265321123419099,0.10414628305388046,0.13985393376992858,0.9691556155721239,0.7346396164088125,0.6792076483343537,0.6270351692626353,0.6596175194111975
1,0.2924655079841614,0.97555211186409,0.8229696154594421,0.312718778848648,0.1191920505,0.8595225345343351,-0.045,0.0259779931113645,0.2475482664935858,-0.0493750505149364,0.1169635285802286,0.8388048072828267,-0.0411048716306686,0.1087472609696551,0.7119589548403837,0.0064148926734924,0.0293808355818086,0.2653830856611362,-0.0462546160817146,2023-09-04,1.07758629322052,0.0747170696966713,0.3048878214107955,0.2757070361611771,0.0828364350537434,0.5779124054765107,0.5808516010590975,0.8813095165204164,0.0381873783564471,0.0,0.050877016489272,0.0745242463841497,-0.0019985582328461,0.0,0.0184292226844284,0.0260234480191581,-0.0005910692720831,0.0198079489100351,0.0123809374409606,-0.1091363662900271,-0.1454627119348792,0.18618970116299036,0.0265321123419099,0.10414628305388046,0.13985393376992858,0.9691556155721239,0.725985911114079,0.670798878436027,0.6178905132783945,0.6504793036026388
2,0.3589818701148033,0.9798584431409836,0.7636604011058807,0.3224789351224899,-0.2398642239999999,0.7325992514379323,0.2111625,-0.0779944366837396,0.2512706077522508,0.0873007342532277,-0.2316407422695715,0.719382311701991,0.2090455059625208,-0.1106912455126778,0.5525457763318236,0.2263054600782692,-0.1187025338118894,0.2312411532125911,0.0351169733949005,2023-09-05,1.0794472694396973,0.0868589684405796,0.2322623584649801,0.222719996965805,0.0492185309318674,0.6173324126717913,0.5479030134510264,0.913742894180195,0.0799855084663964,0.0198079489100351,0.0425479925611478,0.0824507594099479,0.023406342879193,-0.0042029978213822,-0.0001778438490109,0.0246017812443213,-0.0005668619934073,-0.0065292099538476,-0.031676783477355,-0.1243907573783715,-0.1747280849464925,0.2200455619427187,0.0368560858680866,0.19947959465677087,0.11852352933294125,0.9933269285837006,0.72264079341124,0.7098867218295135,0.6538796408460916,0.6371737754786224
3,0.3260693315948759,0.9670186638832092,0.8755956547600883,0.278929020677294,0.1954815452857143,0.568167251468237,0.4894285714285714,0.0736625227505908,0.184287041572236,0.1569122350860919,0.1896180145248669,0.5522928782809239,0.473102825232063,0.2070581930675595,0.4848427923328507,0.4627845914806638,0.0883129952121788,0.1460724061955444,0.1456363448602812,2023-09-06,1.0726161003112793,0.1382872664696395,0.4050045726792846,0.3848951922936913,0.1266739154226681,0.5973954522559246,0.4975891713302872,0.8609403273933518,0.106104242594603,-0.0065292099538476,0.0251935591067198,0.0417095004484053,0.0385569352070414,-0.0069960144914311,-0.0109997125216345,0.0066214360420993,-0.0004992573827919,-0.0058949322361163,-0.0781750321684553,-0.1431664744268879,-0.1678008284201526,0.20705895725061244,0.019493521210776965,0.12149263631020116,0.13670515979229061,0.8642335884012479,0.7194876379402322,0.6724968268721798,0.619298939064409,0.6867361887097614
4,0.3939663980688367,0.9692674704960416,0.7498349632535662,0.3405533071075167,-0.1504483937142857,0.5404517517558166,-0.0094428571428571,-0.0678108620302829,0.2340502219632245,0.0065216998862368,-0.1449836792147211,0.5254049128059947,-0.004001981983866,-0.0980589624021149,0.4019218144725937,0.0081902163931301,-0.0676503579453348,0.2011136881752049,-0.0229720872985465,2023-09-07,1.0724204778671265,0.0575870199397261,0.1254730838691358,0.1040176894878696,0.0368304143104412,0.579317010144678,0.4760548593441121,0.808897215462537,0.0954441351337344,-0.0058949322361163,0.0215788621995827,0.0852446177832533,0.030147058734343,-0.0032164331157336,-0.0126179326630282,0.0169543569103733,-0.0039663730196064,-0.0007676069964732,-0.1011970072396506,-0.1428526948378552,-0.1734071707172297,0.24876482153696586,0.012380744025562397,0.07596569366022729,0.036050318653308044,0.9243380632622332,0.6798707849086014,0.6414657323473163,0.5578685742308274,0.6197989619974904
5,0.3407425160706042,0.9720540785789488,0.8364750635623932,0.255302300453186,-0.141025079802,0.643058813563548,0.081688,-0.0700172676510966,0.2156164909995546,0.0249168449108153,-0.1367423335233359,0.6269651476841039,0.0809891087069512,-0.0741460861393697,0.5230219420728025,0.1133539771409034,-0.0480607112844141,0.1583994268120443,0.0136909963243902,2023-09-08,1.0697818994522097,0.0568386894197578,0.1904039742892397,0.1874099443581121,0.0413432372840068,0.5768770665564492,0.4866497033313586,0.7747456707057708,0.0845232029337058,-0.0007676069964732,0.0066161997235978,0.0623608031551414,0.0489188624898311,0.0014256060622575,-0.0129898393662895,0.0116844619123348,-0.0014705020581207,0.0057647377173628,-0.10933303135198,-0.1534470520158786,-0.1489810849685975,0.1877652640972375,0.010675978782788533,0.07623620225447084,0.09847775270102246,0.9203522972274116,0.6805337798938789,0.6264688917824186,0.5587071231611143,0.6221165016594608
6,0.4245445907115936,0.9857683777809144,0.861085569858551,0.3403751015663147,0.4722377287,0.814209227822721,0.2599599999999999,0.2070359437397356,0.3423473615939049,0.0792234544956684,0.4668052511200861,0.8029792796391844,0.2543063885939121,0.4392603346733231,0.710532663766594,0.1875429821836948,0.1868218692851386,0.2849941344079044,0.0682741091787815,2023-09-11,1.071811318397522,0.2095355866097696,0.5080303064510608,0.4457786602078706,0.1800300376239415,0.5908490506780979,0.5344930926556314,0.8288911365409914,0.0779097487176627,0.0057647377173628,0.0123809374409606,0.0632579539302327,0.0402738691002877,0.0067009514981357,-0.0062888878681537,0.0121403348162747,-0.000503555439403,-0.0242497720082806,-0.1215173037309877,-0.146159223915526,-0.1431750519596306,0.20114243427496295,0.012313370976447443,0.0631912792479759,0.11137141300973087,0.9945825729307254,0.6938368333954354,0.6308989351372936,0.5668032583166798,0.6063543319491349
7,0.3365719437599182,0.9454925179481506,0.8422213196754456,0.342305026948452,-0.3010023904,0.6560371166095138,0.22658,-0.1110824996704785,0.2312793457921987,0.0786486188316345,-0.2932647104682809,0.6352557168375179,0.2161085175549984,-0.2526718154738546,0.5609620710862443,0.1973990359044075,-0.106721407380234,0.1997166575683429,0.065817061086446,2023-09-12,1.0750375986099243,0.0662818216511182,0.1860331746414118,0.1685630971722657,0.0529374370915183,0.5145792449841455,0.4923482651284622,0.6032146732237296,0.0166998359309856,-0.0242497720082806,-0.031676783477355,0.0108712090837927,0.0256074525326761,-0.0057121690230044,-0.0077980590697759,-0.0079759029187869,0.0054024149336893,-0.0530274586449479,-0.0927139739010165,-0.1364375207471004,-0.1521971586590531,0.20910126407789062,0.013904586136443296,0.13050161772670787,0.2644215707032337,0.8521355941027492,0.6318927538513242,0.5586368189467215,0.5303045507564184,0.5978158092005921
8,0.3486401858654889,0.9581582329489968,0.8182538151741028,0.3021634891629219,-0.5048057190909091,0.5409322599457069,0.1841909090909091,-0.1931857318227891,0.1857665230424663,0.0640764792691577,-0.4834325911779929,0.5147524398893321,0.1818009762736884,-0.3951562470232549,0.4299502880388672,0.1650124170541763,-0.1750379281714451,0.1587744238483944,0.0455174102251502,2023-09-13,1.075326681137085,0.0188857568296116,0.0710402749950091,0.0666021526899295,0.0097513019673665,0.3981296129396821,0.5015227811659788,0.1019828106753631,0.0130489215692302,-0.0530274586449479,-0.0781750321684553,-0.0529814730617355,-0.0077566191628681,0.0012408621175339,0.0004388175391891,-0.0105608949824453,0.014227358843847,-0.0289169073073116,-0.0649914422584325,-0.0877967391596179,-0.1191636420673036,0.22043008152298774,0.07990746425254144,0.40172997878516237,0.6543268059909126,0.5726890030641558,0.4858459086714313,0.4240525636577672,0.4880381852590463,0.5527136947288813
9,0.3678924739360809,0.949831172823906,0.8632540553808212,0.2760257553309202,0.2644515891875,0.6100139215122908,0.0495,0.1000289468465764,0.229237996706332,0.0136069942008704,0.2493627632835715,0.5976977023604617,0.0509951109915971,0.2628921410784974,0.5171943116677734,0.0454172401100397,0.0884574063768113,0.152400244626895,-0.0006168557288125,2023-09-14,1.073422074317932,0.1142913125845929,0.2993518588785435,0.2751678976187701,0.0800802650916312,0.3530916010849604,0.5597671223306412,0.0091672614119729,-0.0373530961481597,-0.0289169073073116,-0.1011970072396506,-0.0796181450400679,-0.0062477889231997,0.0083945855336668,0.0120498361885896,-0.0005680964744385,0.030364755755043,-0.0089036311088026,-0.0416556875982045,-0.0621426798062643,-0.1032569176848854,0.23485440250735787,0.07132307799452386,0.14611803816947613,0.289311166559057,0.8099222658749702,0.4354832064310985,0.3690329879823815,0.32832120994096314,0.40310452844383704
10,0.3677496323982874,0.982842214902242,0.8689015905062357,0.2783788233995437,0.1695190862666666,0.6419761653989553,0.5636733333333334,0.0664625966757334,0.2434828307799582,0.1979559248171249,0.1669326061269689,0.6315190667631643,0.5543220714020729,0.1477352851421765,0.554649311199688,0.4803149260691802,0.0423203070561736,0.1882749350100904,0.1369742197887102,2023-09-15,1.0637166500091553,0.1693004507576055,0.4509245814307354,0.3942331741370149,0.1225231539516581,0.3405567856483522,0.4731617534279899,0.0326943379510192,-0.0505190528644811,-0.0089036311088026,-0.10933303135198,-0.1027168316283821,-0.0189407544527364,-0.012234145842493,-0.0016099157161608,-0.0145997550824503,0.0182793277965078,-0.0064195346616449,-0.0441140206638985,-0.0499496914793633,-0.1097537122909519,0.63189021603229,0.05922393817425094,0.12019170783151895,0.21079629172104813,0.888330247204543,0.42289356188470695,0.36582793365125665,0.3043149781641241,0.360099102180369
11,0.3881316304206848,0.9700753450393677,0.8027192711830139,0.2689998984336853,0.01635883225,0.7109879717463627,0.18619,0.001109918699189,0.2869805166214912,0.0579382149839401,0.0231041945779773,0.6894465929350188,0.1849918567460775,0.0705483725992695,0.5639148278236632,0.1516028850835561,0.0041130203224126,0.1831231806254218,0.0500459170955419,2023-09-18,1.0668259859085083,0.1153428834348734,0.2991808814196912,0.2620220285021629,0.079094039347792,0.3314891740880868,0.4782557115212525,0.0295807331540227,-0.0827693600925257,-0.0064195346616449,-0.1215173037309877,-0.1091363662900271,-0.0346121199058773,0.0007210276941744,-0.0075898395201221,-0.0138787273882758,0.0121447206308822,0.0045535578216906,-0.0246419201845382,-0.0363263456448521,-0.0889863679295626,0.17590803452453793,0.025870493859590026,0.07213718265432534,0.13963914156411006,0.9450008340649372,0.4184371647632861,0.36089751788913116,0.28107835199947484,0.3344989801495233
12,0.3492017984390259,0.982317547003428,0.7898384133974711,0.3970060149828593,-0.0944782693333333,0.5709559917449951,0.4278666666666667,-0.0799126908471381,0.192894325853318,0.1466352143327395,-0.0899453622884491,0.5584453538224494,0.423817746758461,-0.0353789947492134,0.4127890335456025,0.3921978745539983,-0.0478811085664725,0.2274447102998052,0.1666250712037086,2023-09-19,1.0692671537399292,0.0865389497796397,0.2974392460974871,0.2565359711167957,0.115396224312347,0.3448029646769452,0.4638418658435473,0.0941457445853046,-0.0885039225902314,0.0045535578216906,-0.0927139739010165,-0.1243907573783715,-0.0419399979684236,-0.0021533273615332,-0.004030997858651,-0.0118290569284269,0.0127727243158943,-0.0253049270023639,-0.0437235468460839,-0.0503373275681209,-0.1077752571116459,0.23076253376638137,0.021117287394502512,0.09310822167243324,0.056289209524533264,0.9505474194382726,0.41540536937322203,0.384270645774071,0.28570349318867727,0.3292665108039685
13,0.3906546235084533,0.9610036412874856,0.7505561908086141,0.3837454617023468,-0.3214289786666667,0.8269075903420647,-0.0753833333333333,-0.1449341585328321,0.3242981307781272,-0.0314332238569855,-0.3160992207569505,0.7959325410739005,-0.0736543083488941,-0.2707664768283243,0.6235317562498798,-0.0511757155656814,-0.1242337075050218,0.3153570789933722,-0.0240898298780123,2023-09-20,1.0682048797607422,0.0493102494627698,0.1353930039893519,0.1005298546186247,0.055677847203446,0.3084213674602178,0.4063606903989017,0.0026732902138006,-0.1092510737940215,-0.0253049270023639,-0.0649914422584325,-0.1431664744268879,-0.1014569739784825,-0.0094392042062914,-0.0147110641824763,-0.0142722466432871,-0.0076508106011878,-0.0055811526470836,-0.0228052969011853,-0.0246343539932647,-0.1096264737327699,0.1937095982374977,0.019526072234506663,0.16138027930895957,0.3207114654689958,0.7935189541230627,0.4017734464277285,0.334669455388541,0.29844501360897135,0.37291589902579947
14,0.3719936096005969,0.9712390104929606,0.8072151409255134,0.2799989986750815,-0.1933434292222222,0.526432178914547,0.2246,-0.0779331094860616,0.1893680823699155,0.0743129960265424,-0.1852090998080846,0.5098472873935104,0.2215584833542505,-0.1443967822035953,0.4061621965834678,0.1874069614781273,-0.0618501547795565,0.1725644066773876,0.0389348284909294,2023-09-21,1.065303087234497,0.0619159896367987,0.1820655569798921,0.1497241252859999,0.0498830267962535,0.3009936771569343,0.3301617361570967,0.0104238252388175,-0.1266936672904126,-0.0055811526470836,-0.0416556875982045,-0.1428526948378552,-0.0576080770546019,-0.0165369183184882,-0.0396425680346315,-0.0275927318460418,-0.0106383749356684,-0.0113619641744966,-0.0204869922080597,-0.0305544758793745,0.0448466728112935,0.2365013071247367,0.03225352251281791,0.17843978113754752,0.33115661887493225,0.940227030454802,0.40596868318212564,0.34224541972562816,0.3076871842614559,0.3230247157978048
15,0.3867879400961101,0.958452609181404,0.7057079911231995,0.312805651128292,-0.0399487063999999,0.6268879011273385,0.31106,-0.0365526392485481,0.2595677610070995,0.1042578597271442,-0.0400059692763547,0.6008529017582299,0.2992153978279233,-0.0244738184900161,0.4279725610644791,0.2368783024528622,-0.013205618471864,0.1958184929315524,0.0937083668361603,2023-09-22,1.0661548376083374,0.1090909938285651,0.2866874434365994,0.2134590150091084,0.0921070804319495,0.2860195385032607,0.321231047067905,0.0193103167990896,-0.1365599860357869,-0.0113619641744966,-0.0441140206638985,-0.1534470520158786,-0.0910862488607371,-0.0022982374027602,-0.0297066595948987,-0.0313165753110595,-0.0196321133987247,0.0130525658177154,-0.0058356708154647,0.004465967047281,0.0541905291457638,0.1986817507974549,0.01821040527538545,0.10604950308339056,0.2000341778682371,0.87063588690783,0.3919640271605469,0.3334483168102347,0.2664023064347525,0.33358617731459583
16,0.2977983065777355,0.9623524612850614,0.7751948303646512,0.3004890878995259,-0.1770910641666666,0.3837710287835862,0.1911888888888888,-0.0516620234066503,0.1291760707852632,0.0239800310500793,-0.1691727635914143,0.3681211091651184,0.1858487361629803,-0.1170816465614931,0.2731939832758275,0.1855056286096572,-0.0727362826966142,0.1386638769779898,0.0534997069325711,2023-09-25,1.0648492574691772,0.0338313594762307,0.1282656939122281,0.1138726551079972,0.0398091004046489,0.3274485891608587,0.3541277633935537,0.0881829365729403,-0.142373196767373,0.0130525658177154,-0.0246419201845382,-0.146159223915526,-0.0829012699852933,0.004014994203807,-0.0264126930852661,-0.0340025326053883,-0.0218621977891135,-0.014528068839855,-0.0116844254603138,0.0029841719558953,0.055696291687548,0.18007003576757605,0.01869867063133089,0.0564850809998878,0.0517765188555549,0.9590583187163937,0.43541930242420834,0.3919787874128864,0.29296004529570174,0.3473350508192925
17,0.3088345030943553,0.9450253778033786,0.8645957443449233,0.2474437206983566,-0.1058153719444444,0.6148583887972765,0.1971666666666666,-0.0251452370143553,0.2032061867123557,0.0656929903815189,-0.095609386807397,0.5893684260672241,0.1866424766321976,-0.0910872735716096,0.5366491985215222,0.173099832508299,-0.0138003930927951,0.1307786950605741,0.028884289705091,2023-09-26,1.0591648817062378,0.0812513133598397,0.2268005052973415,0.2062205858194038,0.0486208638909566,0.3061692910630617,0.2971049999903233,0.0260583742590454,-0.1492058693210167,-0.014528068839855,-0.0437235468460839,-0.1364375207471004,-0.1255663116633076,-0.0148441654822644,-0.0391035312059973,-0.0431345290646483,-0.0511104319834352,-0.0043866770574654,-0.0066137807220369,-0.0157596379119526,0.087017995480056,0.213526866794195,0.021212669464036042,0.0823580435243628,0.15106947015640487,0.8918607296327827,0.4344322030953318,0.37742411781603113,0.30212757719801875,0.3711011035138432
18,0.3200702402326796,0.9722903238402472,0.8283586303393046,0.3006566936771075,0.0133971914444444,0.735973087242908,0.5775555555555556,0.0209496525503431,0.2345700313228212,0.190589877416359,0.0165617984356346,0.7176171130846286,0.5621606507718563,0.000794287289606,0.6018473719595838,0.5008087852511142,0.0030917030612405,0.2264302753264414,0.1550893985856738,2023-09-27,1.0569483041763306,0.1487031870965077,0.4321131874307065,0.3678168148334346,0.1282037923244519,0.2998918797887852,0.298969050600367,0.0181965789155238,-0.1479216864731807,-0.0043866770574654,-0.0228052969011853,-0.0877967391596179,-0.1407782122213534,0.000229287772294,-0.0294350392274118,-0.0441461034098882,-0.0547069983923336,-0.003262847953958,-0.0018290570920793,-0.0313669029076857,0.085392360908405,0.26232215969412553,0.01935120510702852,0.09687324177044271,0.18886045993710318,0.8793680590764666,0.4446087068149276,0.38366182998662524,0.3184857132876342,0.38664030520356185
19,0.3384966552257538,0.9774537086486816,0.9010721445083618,0.422359436750412,0.5553250646666666,0.5154652387524644,0.8610666666666668,0.2088151954633347,0.1952975121606789,0.292485703309377,0.5438237362631204,0.505362233621837,0.8418806103130182,0.5204500573547223,0.4857837285486557,0.7773158108750979,0.2444675108974724,0.2254044969850509,0.3633763843794664,2023-09-28,1.0505305528640747,0.2321994703111302,0.6303555267326585,0.594516532259492,0.2777494640873299,0.2950644007396799,0.3469137525179896,0.0667594704606221,-0.1500451767683208,-0.003262847953958,-0.0204869922080597,-0.0621426798062643,-0.1417608248463322,0.0058758771430014,-0.0070222437659221,-0.0466648118005537,-0.0472329082749922,0.0032893572180983,-0.0100674836713148,-0.0411142378786211,0.0697295433442199,0.258736937821491,0.023336056011984838,0.09747477995384615,0.07540390684999959,0.910134616799849,0.4283547512337358,0.3942707233845959,0.3013159326237509,0.3578408817362799
20,0.3043149809539318,0.9668490773439408,0.8066783928871155,0.2645351447165012,-0.2129303298999999,0.5974004668556154,0.219456,-0.0815845004141168,0.2148792294806478,0.0527775313238054,-0.2078091851634798,0.5857018987979031,0.2098400038404465,-0.1145959674850076,0.4559411350121788,0.214598082920134,-0.0576764005398968,0.1514092562914096,0.0475920409869104,2023-09-29,1.0562450885772705,0.0620240867967788,0.1959109058249565,0.1853144168157684,0.0471082989128077,0.3071727598252537,0.3354858320303369,0.0874361086925018,-0.1521465364575981,0.0032893572180983,-0.0058356708154647,-0.0499496914793633,-0.1526665231077455,-0.0027132596482903,-0.0074372660114523,-0.037143925606351,-0.0517436806888014,0.0072038111728662,0.0103016378627458,-0.0598040208115886,0.0522898560546787,0.2611226520726573,0.022040071067211814,0.0839354493872711,0.14275427222116568,0.9082144544384484,0.4769548665547525,0.42106817864476076,0.34743015260827814,0.41029455764625133
21,0.3550383597612381,0.959365412592888,0.7585535943508148,0.3475689813494682,0.01001625275,0.6072558173909783,0.2775,0.0035644425709529,0.1910162441712575,0.095770482134819,0.0168742783534426,0.582836151905475,0.2695391222953797,0.0542144662970499,0.4732934246614339,0.2272897679269314,0.0070548358001523,0.2428762169197145,0.0991109171628952,2023-10-02,1.0565240383148191,0.0967837229590097,0.2897498508514324,0.2515992196284717,0.116347323294254,0.3342834439429388,0.3361737665883468,0.1371468371902782,-0.1250546724420424,0.0072038111728662,-0.0116844254603138,-0.0363263456448521,-0.1454627119348792,7.936440615274876e-05,-0.0113728958091066,-0.0377855888943727,-0.0516643162826486,-0.0094574241015781,0.0146685974162092,-0.0526600222847104,0.075312968263395,0.26991339845176454,0.013738803015587399,0.09956397912361234,0.1292796570737116,0.9864875134794779,0.5026325513469616,0.45455121216021865,0.3799613869562486,0.4081442996539111
22,0.3440650645643472,0.9430463433265686,0.7734938621520996,0.2829353466629982,-0.0793013096,0.576561414450407,0.2042599999999999,-0.0469785471547633,0.1971991795077428,0.0545288387566432,-0.0775968172130279,0.5400632591734145,0.2089733650118112,-0.0548888764089794,0.4500036831599918,0.1347169159424305,-0.0391405658137164,0.1626484647021466,0.0616831977252662,2023-10-03,1.0480751991271973,0.0682498237032075,0.2238132689907326,0.1766105742311476,0.0617303655378988,0.3167778492468182,0.2817699766570604,0.1402331272822848,-0.08609060516957,-0.0094574241015781,-0.0066137807220369,-0.0503373275681209,-0.1747280849464925,-0.0138393958634477,-0.0103681261902899,-0.0494716573962872,-0.0613007143247141,0.0003980465724922,-0.0091458571899156,-0.057437929543525,0.0886888073732521,0.27174772613499787,0.057463154890639925,0.3649853704026156,0.5242682081084529,0.9152684875006445,0.5133753870159943,0.4677894258742916,0.4955045003432179,0.446376620600784
23,0.3897556811571121,0.9777843753496804,0.7634482085704803,0.2863690952459971,-0.1130868415833333,0.8473618308392664,0.3986666666666666,-0.0303272268181878,0.3324924696112016,0.1703259237180153,-0.1104433075923613,0.8287070869474493,0.3886084411929051,-0.0077088673067947,0.6594878883178916,0.3064402535786231,-0.0878342230960301,0.2333304861593288,0.1142619971175988,2023-10-04,1.0472300052642822,0.1574970555036763,0.368957406849331,0.31940642486324,0.0865860867269658,0.3183884052970458,0.3479065657466693,0.172618652957979,-0.0589028363083064,0.0003980465724922,-0.0018290570920793,-0.0246343539932647,-0.1678008284201526,0.0080770476078289,-0.002520366354755,-0.0319554055821669,-0.0462276522254541,-0.0115012745331934,-0.0295378458156063,-0.0849921197395051,0.1087271116675276,0.25043832813788536,0.02283492164665788,0.07403073877468708,0.09605481340444334,0.9418264756739902,0.540397725722717,0.4900130612396727,0.4101613011721441,0.4649199759740448
24,0.2939782502750556,0.9752031299802992,0.8593960073259141,0.2905925644768609,-0.0280180501555555,0.7234233272158437,0.3260111111111111,-0.0037076150224507,0.2041346770823984,0.0905515587191614,-0.023573302499766,0.7068645066323893,0.3201283767739931,-0.0129637429082186,0.644182339922281,0.2879141674896081,-0.0046620830390177,0.2052466861203397,0.0866305182251665,2023-10-05,1.0507071018218994,0.0969928735930363,0.3344731936355388,0.3063775881678902,0.0957383737688295,0.29674222021337,0.3424024506544632,0.1659945479318974,-0.0613442987699635,-0.0115012745331934,-0.0100674836713148,-0.0305544758793745,-0.1734071707172297,-0.0013048811469964,-0.0097011246447529,-0.0167233684106751,-0.0443161002567169,0.0236584787521589,-0.0310467542073062,0.075401148690668,0.1309279534091842,0.22672265981141612,0.028369352681258106,0.16249670980902303,0.17318766182646508,0.7862930244240663,0.5149180542440264,0.4798203249874491,0.4195646805664204,0.498126488704945
25,0.272162594965526,0.7864572177614485,0.6990749774660383,0.2565475038119724,-0.0259712118342856,0.5979376903003347,0.3497337142857142,-0.0024461998086488,0.2007075534732156,0.113362447361946,-0.0248574509579525,0.5882329973470225,0.3451007504074574,-0.01237622011611,0.5315813313409943,0.3212035850503785,-0.0229757154401791,0.1799770820546189,0.0821031478926454,2023-10-06,1.0546631813049316,0.1038746003421709,0.302825432265509,0.2801362320917542,0.079701504835695,0.3892837671353809,0.4302394332079129,0.4604714416123985,-0.0326825160505517,0.0236584787521589,0.0103016378627458,0.004465967047281,-0.1489810849685975,0.0117456420939614,0.0047577770974989,-0.0026794889139534,-0.033996064225013,0.0115707707263297,-0.0701056586743344,0.0497245620984827,0.1251214523697523,0.26548416819225007,0.026390553238713317,0.2336242517578677,0.029860876025931814,0.9865631683706292,0.5282312249558951,0.5515388143270048,0.45912991375143486,0.4350851606318935
26,0.30052084227403,0.9635735253492992,0.8123473723729452,0.3501568585634231,-0.2979178625,0.6761869977538785,-0.02715,-0.0619769226238311,0.1921114150591595,-0.0202850424875815,-0.2860430090648775,0.652009596757015,-0.0243591298768917,-0.2355943724118606,0.5553956464126208,-0.0218562615156173,-0.0903283931697078,0.2122647855671051,-0.0315316601817806,2023-10-09,1.056747317314148,0.0366164833159156,0.1138691526050819,0.0993150041617143,0.0301349107385389,0.4295241286881843,0.4712968169195822,0.6084559991107742,-0.0258707715401178,0.0115707707263297,0.0146685974162092,0.0029841719558953,-0.1431750519596306,0.0062840681193883,0.0109624808107344,-0.0004104149983721,-0.0344129476037604,-0.033271878707703,-0.0673286197009197,0.0527121197316526,0.1190402697571881,0.17752833715837615,0.015235393106601576,0.12572191077019954,0.03515249120607773,0.994246642377053,0.6063737260324396,0.5880284990746318,0.49991025511230136,0.5144374541404217
27,0.3594426562388738,0.9758218857977126,0.7560808857282003,0.3007246727744738,-0.1661415508888888,0.853169442464908,0.2085222222222222,-0.0710546356204263,0.3139383324055298,0.0561694437093204,-0.1621111572936764,0.8329449237445816,0.2015939481788211,-0.0981719777743065,0.6371724153486328,0.232865167671442,-0.0621679365029053,0.2605062560257114,0.0368505542367696,2023-10-10,1.0578875541687012,0.0996843801648079,0.2908092382099088,0.2572885350819227,0.0783962912531919,0.3573859907642692,0.5033400191071509,0.2121429278769435,-0.0336007788737141,-0.033271878707703,-0.0091458571899156,-0.0157596379119526,-0.1521971586590531,0.0051944760999855,0.0299963527741677,0.0196282265838778,-0.0235063024807704,-0.0199939420531984,-0.0482920723536093,0.1027776333920087,0.1520130632001928,0.21931884411963157,0.04543290212058565,0.25235125346322895,0.43449727882855077,0.7406891220991013,0.5721956348411297,0.5051630091081307,0.5178964832949875,0.5786642252285645
28,0.3027275807478211,0.9579573707147078,0.8902049552310597,0.2697076296264475,-0.151066971090909,0.6630584654313597,0.4419,-0.0500072629349636,0.2163468135329554,0.1517851064978675,-0.1448704890977083,0.6398354594992914,0.4301311247132041,-0.1294134870873877,0.5926841463140214,0.4315548563588749,-0.0373778385098738,0.1772882461667975,0.1299725327445702,2023-10-11,1.0604791641235352,0.1060415523652864,0.3083653650382624,0.2982751718618362,0.0899609801338313,0.3231838367039051,0.5288224412880286,0.0199592823619552,-0.0474293934926177,-0.0199939420531984,-0.0295378458156063,-0.0313669029076857,-0.1191636420673036,0.0042838195000953,0.0262031246664342,0.0236827583116792,-0.020463345098209,-0.0130101829248934,-0.0554542739238987,0.1167592638160908,0.1766899066182006,0.2291639963918037,0.059532037398855264,0.1867166484894344,0.3471435400946721,0.8502985582750515,0.5355996491812345,0.4665675018158133,0.4504848610553074,0.4952322032382308
29,0.3153894032750811,0.9478422233036586,0.7594755802835736,0.2735702821186611,-0.1171707594285714,0.7747228017209896,0.2132,-0.0628513188522906,0.2415199327447867,0.0555753872509513,-0.1072449627840772,0.7284733714847064,0.205225898605585,-0.0654883795429628,0.5787385842032543,0.1491627003882612,-0.0157177927391395,0.221741116234193,0.1084762011883514,2023-10-12,1.0624282360076904,0.0780813337144824,0.2754847691020713,0.2208043016828509,0.1048331748944682,0.3031842378380249,0.4893144316468824,0.0599727767926855,-0.048998145049332,-0.0130101829248934,-0.0310467542073062,-0.0411142378786211,-0.1032569176848854,-0.0062660249406558,0.0212419808727748,0.0115408562280219,-0.0351239555725317,-0.0154004257148692,0.1064479028979743,0.1108437812228411,0.1862589298706911,0.24264394696048155,0.046093006601801816,0.13851450389877046,0.22678684458878026,0.8479293560160741,0.5012027691828678,0.44454206075689484,0.39482681835695344,0.459238266749717
30,0.3492302284638086,0.974056126276652,0.8379654574394226,0.3729592696825662,-0.0278287388333333,0.605753859191512,0.2158966666666666,-0.0026372674652814,0.2107297060198142,0.064928504428784,-0.0232403289973655,0.5886855490561451,0.211885925797383,-0.0039683707337347,0.4955649478840775,0.2227127249903678,-0.0157884200373747,0.2312780581484052,0.0664763999069134,2023-10-13,1.0536741018295288,0.0910069809944389,0.2591103819520541,0.2381031007135702,0.0939886793393146,0.2813058009231699,0.4597778962329334,0.0847142209045024,-0.0756756653871173,-0.0154004257148692,-0.0701056586743344,-0.0598040208115886,-0.1097537122909519,-0.0050314956602193,0.004464843118594,0.0092226202160929,-0.027921305390258,0.0143478096997444,0.1198302207728172,0.1120938768662673,0.2290639118201269,-0.20634191287608553,0.038042305732840884,0.08620947324645892,0.0995446245547704,0.9242831417469455,0.46417548573630674,0.41954142492334556,0.33471921815992456,0.3906728408653466
31,0.3654029920697212,0.9849669456481932,0.8160669028759002,0.2725636892020702,0.2305815876999999,0.7089230527170003,0.51501,0.0513534148393742,0.2649837744015592,0.1638700321178138,0.227566043771976,0.6982621300052108,0.5076171361851692,0.2019850823859952,0.5771666034870935,0.4370432851052284,0.0710019018270654,0.2032219043710607,0.1270254392155259,2023-10-16,1.052155375480652,0.160069073786249,0.4778151033207853,0.405398323659439,0.1337497484712173,0.3298034082128659,0.5246758581588559,0.2046678712265229,-0.0485958936737803,0.0143478096997444,-0.0673286197009197,-0.0526600222847104,-0.0889863679295626,0.0105386423025901,0.0087194173017959,0.0196818981125304,-0.0181036907818423,-0.0142353313603926,0.1200407394325724,0.1279729905481055,0.2088407344683824,0.2059839952793571,0.02908169020055216,0.11459262893895963,0.06911040304942381,0.9696776651845116,0.49353403348239056,0.4652468830559857,0.3762657460691283,0.4048178856618687
32,0.3557556811720133,0.9800052493810654,0.8655664697289467,0.2856234703212976,-0.1633199016249999,0.3793440200388431,0.2915625,-0.0555059615635818,0.1381972823662324,0.0854075728895142,-0.1620301453106596,0.372159902804495,0.2844430500984192,-0.1464008820510046,0.3311405281325859,0.2631262241996824,-0.0453297514661981,0.1136388937487227,0.0715658558340743,2023-10-17,1.055431246757507,0.0560329645640549,0.1648576025307515,0.1492886234270879,0.0466249993721996,0.3076222156841582,0.5240404969493218,0.085647909101074,-0.0579199537310222,-0.0142353313603926,-0.0482920723536093,-0.057437929543525,-0.1077752571116459,-9.824987944462292e-05,0.0034266913223657,0.0334230440965335,-0.0160486132997537,-0.0271561436234879,0.151069705745618,0.1461267369167771,0.2320991521768061,0.2525241654836845,0.03498250950224943,0.12220755781096124,0.2105589381768942,0.8502341617306112,0.49737606959479486,0.4387546420523267,0.3843538139027012,0.45424075959797605
33,0.353104081004858,0.9745420515537262,0.7642236709594726,0.3459237813949585,-0.1351093916,0.6827561303041876,0.18971,-0.0226905020060091,0.2386935213559671,0.0769807834621519,-0.1337965496857078,0.6667391635901502,0.1847764099508523,-0.0336839817507113,0.5195127667014133,0.1849847899293899,-0.0556341570238112,0.2364402546927986,0.062870631032139,2023-10-18,1.057305932044983,0.0976612676040366,0.2392396746184315,0.2236045249600306,0.0812255762337088,0.2709508486245242,0.4449118265275732,0.0291008960017518,-0.0801625679785647,-0.0271561436234879,-0.0554542739238987,-0.0849921197395051,-0.1096264737327699,-0.0134904082511511,-0.0143475364288807,0.0118555882375535,-0.0200998173446134,0.1488919938969797,0.1722135377399896,0.1937192314070328,0.2884472534635369,0.23936585707963423,0.07677802397117948,0.15258422410785533,0.2668927118093624,0.8660122263794454,0.45151748479398135,0.3920241731347125,0.3472733766841358,0.3990595669640715
34,0.4126467572318183,0.9712751441531712,0.811630129814148,0.3774942821926541,-0.2423578451111111,0.6898567257449031,0.4126555555555555,-0.1011340658610718,0.2823206517160113,0.1627719041509761,-0.241833641057472,0.6698526505961822,0.3958039134542147,-0.1709348221968717,0.5544522906217675,0.3745661483016279,-0.102437930153881,0.2573618338808636,0.1439989269627465,2023-10-19,1.053851842880249,0.1146528300019718,0.2746076409976416,0.2526945389088412,0.099640943563243,0.5830956501697361,0.4038912250373319,0.8881964643899019,0.0640094876045374,0.1488919938969797,0.1064479028979743,0.075401148690668,0.0448466728112935,-0.0085190323280581,-0.016600543816283,0.0046414370564917,-0.0120819313541833,-0.0020181078400263,0.0043958783248667,0.0555268047185162,0.1503424534612074,0.27367032403634317,0.2027792518260746,0.24218594190036727,0.1932390090365144,0.7687172214105774,0.746899633693018,0.7334282290250465,0.7016147394646794,0.7568170275662975
35,0.3457279307146867,0.9768505379557608,0.8312681232889494,0.3040406760449211,-0.0168072082583333,0.6599662302915628,0.0980058333333333,0.0008671148745233,0.2284105451026903,0.0417009808306396,-0.0138305771947562,0.6459546824165038,0.0966602242873112,-0.0016876736152883,0.5365549012295978,0.1085903444832066,-0.0076864811739115,0.1993695046860303,0.0169088894813321,2023-10-20,1.0586491823196411,0.0903262136026177,0.2429281098363529,0.2144858573658387,0.0695306376644836,0.5792035815172402,0.3524168617273996,0.85313271649954,0.054242383222898,-0.0020181078400263,0.1198302207728172,0.0497245620984827,0.0541905291457638,-0.012665149196156,-0.0242341973522197,-0.0197693542336256,-0.0224488431475791,0.0145583283594996,-0.0077363439065498,0.0753968902712696,0.1501308398894236,0.2778178151065409,0.08691653236215209,0.17022470044988405,0.2599509426062645,0.8590937919350926,0.7678182509679905,0.706818197519075,0.691570288262255,0.7406798425527881
36,0.4140722283295223,0.9727859326771328,0.8110728093555996,0.3235596120357513,0.0474912294285714,0.6750907083374581,0.1701,0.0120720516521219,0.2758680712560081,0.0620080509615795,0.0457162978786435,0.6566783940027673,0.1712504315682819,0.0338246256215251,0.5437551543451046,0.1883395946085453,-0.0198225922653018,0.1983408598596835,0.0689518332157816,2023-10-23,1.0589966773986816,0.1166493912899031,0.2912150411498975,0.255306458191725,0.0824900336033877,0.60007253089383,0.3461342648605893,0.942345348211057,0.079867276278409,0.0145583283594996,0.1200407394325724,0.0527121197316526,0.055696291687548,-0.0016869920654354,-0.0364598317202453,-0.0277404144184494,-0.0281508294168215,0.0167936349526529,0.007932251115533,0.0663281500255354,0.1537784154211738,0.2502569509773811,0.046198229678509437,0.10772037370996382,0.018906055064731527,0.9107314182295938,0.7608715728638513,0.7377820225967961,0.6568019681287671,0.7115221666503166
37,0.3579296972602606,0.9703624173998832,0.8792277425527573,0.2686432572081685,0.16261389795,0.5419119377038442,0.519575,0.0721026541094595,0.195709444797796,0.1911965414851903,0.1628466354582103,0.5260272388782861,0.508548612204194,0.1405412348541902,0.476338433039664,0.4549469727434218,0.0802898170842068,0.152355211562884,0.1558830810750834,2023-10-24,1.0669853687286377,0.1530028801308152,0.3991408288468968,0.3572755468790919,0.1295093699073914,0.6236270425330859,0.3960324085990187,0.9588661505480308,0.0977182745722174,0.0167936349526529,0.151069705745618,0.1027776333920087,0.087017995480056,0.0072395235196296,-0.029122058321171,-0.0256953669988053,-0.0060671404149275,-0.0060123116291164,-0.0049429688288409,0.049235429808184,0.1379959473292116,0.25578532682955146,0.03915206854185797,0.09272377378023383,0.07870290695984757,0.9763820028841186,0.8182762533151959,0.7719397485603317,0.7104210862047182,0.7449108204848236
38,0.362367569045587,0.9651037021116776,0.8540840636600148,0.3193094852295788,0.4022705196818182,0.4224292717196725,0.4327636363636363,0.1438370632366369,0.1288637169287411,0.1351204384527423,0.3831929477619825,0.4125288794624437,0.4186350850051099,0.3709593293718748,0.3481008927315914,0.3894618328002366,0.1343758353237084,0.1246049764157057,0.1358619473710656,2023-10-25,1.059535264968872,0.1359404062060401,0.4047856374098453,0.3695073516345675,0.1316142530368265,0.6097072622438202,0.3404174825415248,0.8975847006056573,0.1037601761778106,-0.0060123116291164,0.1722135377399896,0.1167592638160908,0.085392360908405,-0.0144434346572381,-0.0300750847272581,-0.0444226211561389,-0.0207398628444597,-0.0189256655181431,0.0215056936670432,0.0599306428021098,0.1504094304118748,0.26153498281753695,0.03794389566109994,0.09788887140092839,0.19873412159704051,0.8934437178316588,0.8152227414305022,0.7395936108274719,0.7101499375236644,0.7767393590520797
39,0.4077920727431774,0.9665166586637496,0.7810738012194633,0.309381571598351,-0.2198835774125,0.6920428273733705,0.2086,-0.1236678972182053,0.2834969463825353,0.0905322901174426,-0.2162098369252249,0.6684629267663331,0.2010386959612369,-0.1238630612158649,0.5241052350569149,0.1676782607622444,-0.0716473489537515,0.2046079431450813,0.0510396576858125,2023-10-26,1.056725025177002,0.0834537797605908,0.2177639286007817,0.1893068115344315,0.0613334172923807,0.567312267006335,0.3031316966143765,0.793550252096411,0.0577442222101346,-0.0189256655181431,0.0043958783248667,0.1108437812228411,0.0697295433442199,-0.0119030812055846,-0.0334591336047847,-0.0500596774210677,-0.0385188211930458,-0.0141503300714429,0.0511309263936494,0.07541514864785,0.1693350959300179,0.3109022183635911,0.042108155696845506,0.22148218491346974,0.36458034465228617,0.8198736483966587,0.7416230145718559,0.6746443137200706,0.6861463230561942,0.7291895633977656
40,0.3369435625062102,0.97075514963695,0.8378587512742905,0.3110587452848752,-0.0359590001238095,0.6494576419127128,0.218602857142857,-0.0152821887965303,0.1936647076688307,0.0721875758129322,-0.040398719198889,0.630941257468197,0.2122640474140643,-0.0463207790917385,0.545190541413514,0.1913900988838785,-0.0455152162365038,0.2146562845644918,0.0509917446026277,2023-10-27,1.0564459562301636,0.0835233648950775,0.2676021952277907,0.2300866204018846,0.0733776043102052,0.5377015201709566,0.2894448961716863,0.7170421621158638,0.0308847843843623,-0.0141503300714429,-0.0077363439065498,0.1120938768662673,0.0522898560546787,-0.0048118385786217,-0.0256058229872504,-0.0498400203394702,-0.0406174001233772,0.0302269233815826,0.0831332341778194,0.1169700349538596,0.1867437052585279,0.27968841822187507,0.028087748475968642,0.2041550886072033,0.3307387010240694,0.8006781481841851,0.6940767957828289,0.6305632729213997,0.6280158602880794,0.6860050177810728
41,0.3051940500736236,0.9759547114372252,0.8203019946813583,0.3571184240281582,0.140988299875,0.7515118308365345,0.365075,0.026862638198951,0.220905499705948,0.0713399955717846,0.1419379043343138,0.7336434035576371,0.3609900229506194,0.1520046513386952,0.6060024794522824,0.338536531727016,0.0422406409565756,0.2706607627836264,0.1331685527775436,2023-10-30,1.0562450885772705,0.1063693778255612,0.4121904436141901,0.3655145541726645,0.1486899855059152,0.5876178864580949,0.3661822996606585,0.8817971731600092,0.098467744902088,0.0302269233815826,0.007932251115533,0.1279729905481055,0.075312968263395,0.0119384743002868,-0.0119803566215281,-0.0484401883417735,-0.0287582902292431,0.0039184150082789,0.0583958989100024,0.0808677439202769,,0.26658573214704606,0.030506365239140264,0.18584617319272626,0.0741813805000737,0.9451913397527322,0.7109670539208999,0.7047853593029827,0.6363608971760262,0.6443319333689779
42,0.3287269510328769,0.9761286750435828,0.8493172228336334,0.3507981663569808,0.130348751125,0.7121690955827944,0.336425,0.0414257783684484,0.2363523384148105,0.1037831925254315,0.1233259723592253,0.6944843419652855,0.3269064678028225,0.1192508383301318,0.603125172839938,0.291400327206403,0.0372246627746433,0.2330194814040225,0.1045987391608767,2023-10-31,1.061503529548645,0.1271871031028968,0.3815722607091111,0.3379254461254909,0.1249476277798475,0.5938453530178534,0.4040018892264384,0.9035218552187506,0.1250512684981495,0.0039184150082789,-0.0049429688288409,0.1461267369167771,0.0886888073732521,0.0064540848216871,-0.0127657953194706,-0.0418878536406417,-0.0084648095441082,0.0204363508667677,0.054178398637025,0.0859724152600289,,0.30749595528932083,0.01960934229521053,0.08574052071336069,0.022092154516610205,0.9155057827171538,0.7326058092408783,0.7004862569845542,0.6175800305428578,0.6794656783603608
43,0.3707006325324376,0.9720601969295076,0.8359800246026781,0.3320169664091534,0.055781740111111,0.6167886718693707,0.1764222222222222,0.001897925847664,0.2382319042318774,0.0556827118204699,0.0548165896217088,0.5982945448808743,0.1729984209537506,0.0455117224946777,0.4994652434752746,0.1650804433670308,0.0092441343428297,0.199917908508341,0.0595538561061024,2023-11-01,1.0579099655151367,0.098604180633337,0.2753698518187779,0.2366858031123276,0.089571966319091,0.6259599953894383,0.4606058478161073,0.994595970891048,0.1633166894816253,0.0204363508667677,0.0215056936670432,0.1937192314070328,0.1087271116675276,0.0104511949901926,0.0121288343279601,-0.0179462503992979,-0.0060906621617444,0.0106995672084631,0.0384249491350665,0.0947280220565041,,0.30452499740026073,0.026638092419169375,0.058656988913816176,0.010767762850538343,0.9893304157211629,0.778838128417374,0.7375079135846923,0.6542211255833128,0.6979692339176626
44,0.3884352603927254,0.9786617532372476,0.7209394127130508,0.2924294201657176,0.155219998125,0.5448895767331123,0.56325,0.0730302714111624,0.2045499964799929,0.2301990388407372,0.1516790816920273,0.5343115729227382,0.5516005376830697,0.1144888981304972,0.39665015080514,0.402710524521023,0.0587132854637732,0.1463364919606396,0.1726524265673943,2023-11-02,1.05870521068573,0.1692597689106308,0.4125303974326117,0.3046165244855534,0.1259007346639357,0.6421631602252756,0.5450156764358747,0.9758417375212464,0.194078947932899,0.0106995672084631,0.0511309263936494,0.0555268047185162,0.1309279534091842,0.0186829389340861,0.042714854467631,0.0092557208628463,0.013897157919338,0.017851977712727,0.0242842222542005,0.0948156487426912,,0.35831904484368915,0.024139233597501294,0.11060941129558408,0.05121005341436111,0.9275158157592196,0.7753048861394061,0.7445641620070598,0.6731468504470213,0.719856596992027
45,0.3471492734693345,0.9457803059191928,0.8663832443101066,0.2745965876040004,0.0316414742714285,0.5676580574895654,0.54188,-0.0020695472957901,0.187737255393655,0.1886799633147248,0.0273220135603577,0.5407547048851116,0.5081915666708776,0.0226119680998054,0.4958225251072283,0.4551487022531885,0.009325524374353,0.1473896065742141,0.1467106860388176,2023-11-03,1.061909317970276,0.1247825571375298,0.3587560950387823,0.324527731820074,0.1011419389957949,0.6683492790910773,0.5808640840046455,0.9726937276872588,0.1982705409211431,0.017851977712727,0.0831332341778194,0.0753968902712696,0.1251214523697523,0.0093498835445515,0.0568765765908043,0.0312707536035539,0.0115013993699282,0.0054895881137655,0.0338368007760401,0.074733949618154,,0.3463699175096674,0.017998445120866492,0.10275220421727987,0.0624985275328533,0.9434939128708965,0.8134094765062336,0.7756718060462231,0.709902086218654,0.7535732068738326
46,0.3762745521962642,0.969397023320198,0.7688173949718475,0.3066029581241309,-0.3792779586874999,0.7694681367720477,0.112525,-0.1253311674308363,0.288253273861168,0.0396857124146074,-0.3682366259283935,0.746585505449128,0.1111805610582232,-0.2570016941306598,0.5898867402540685,0.0819193371914327,-0.1290718243492081,0.2412425131669528,0.0228691669092979,2023-11-06,1.073214769363403,0.0675359396149797,0.1631764801929859,0.1382681277716138,0.0450132852423475,0.6762861409428537,0.5874577823377426,0.9967883877726896,0.2221409781359037,0.0054895881137655,0.0583958989100024,0.0663281500255354,0.1190402697571881,0.0017514577241009,0.0466895600146184,0.0347092033930902,0.0069687889746408,-0.0002990852646984,0.0224718450102745,0.0874502653956383,,0.2357757984827196,0.012990129469804384,0.037275050780059736,0.007272538681451098,0.9176325086691521,0.8181783401819014,0.7686046174490584,0.6866875499284402,0.7695789260719499
47,0.3506989032030105,0.9695426140512738,0.7466421723365784,0.2343172526785305,0.0104429782857142,0.7185795611169722,0.3059571428571428,0.0098624951853351,0.2367511442884284,0.09831570943892,0.0137202393159321,0.6990102083435524,0.2958744404554367,0.043180160159354,0.5127364230381052,0.2686427853831223,-0.0004623378566026,0.1637167064351515,0.0630760391897388,2023-11-07,1.0721560716629028,0.1149764496375611,0.3362016293716404,0.2748531228601938,0.0754434692560959,0.6753354181587885,0.5984976559049235,0.9332298596110858,0.2554088283503265,-0.0002990852646984,0.054178398637025,0.049235429808184,0.1520130632001928,0.0028360934017115,0.0430715685946427,0.0303057732751721,0.0046104062763667,0.0046829013648093,0.0317940166230039,0.0887605175210275,,0.2520864419363342,0.01516953405859033,0.056837337784708696,0.0756704223924928,0.910922316965561,0.7762707908666746,0.7177315629290568,0.6512397176259341,0.7278316264465747
48,0.3447590991854667,0.9647743329405783,0.8923397287726402,0.3826217651367187,-0.1667458755,0.5858040746534243,0.7750375,-0.0316657334510123,0.2164000478581158,0.2779129945266991,-0.1473564417890412,0.5712910648611684,0.7478042536482216,-0.1163926370432945,0.5403548445864621,0.6884543622300029,-0.0855377667826716,0.2141556709626633,0.3040226277802139,2023-11-08,1.0696102380752563,0.1542157696446008,0.3905796255734495,0.3708055232577235,0.1442135106534018,0.6828692983338297,0.6025618524904952,0.9665485743370592,0.0868158544356222,0.0046829013648093,0.0384249491350665,0.0599306428021098,0.1766899066182006,0.0010044110324205,0.0336247846368706,0.0457536189648308,0.0013309978086919,-0.0034411596724028,0.0563030729214375,0.090478787609765,,0.2446233763721182,0.00809687790262399,0.020277284728345106,0.035558895726125035,0.9772389343503719,0.767049155541899,0.7044910748233018,0.6256386545903458,0.6905156011629643
49,0.3972358703613281,0.9477244973182678,0.812584388256073,0.3095948874950409,0.3555793262,0.7232119858032092,0.1083799999999999,0.162625526890365,0.2714723779568916,0.0479609171754121,0.3437154102724167,0.6869014958725107,0.1023367247116565,0.2944274761576139,0.5947495242067303,0.0713621621727943,0.1093439129120308,0.2303966173173551,0.0298886350101232,2023-11-09,1.07104229927063,0.1606862740075562,0.3776512102855279,0.3201797208457128,0.123209721746503,0.6705479679797173,0.5539372401293631,0.8831543823668981,0.085270359063335,-0.0034411596724028,0.0242842222542005,0.07541514864785,0.1862589298706911,-0.0081166906990688,0.0068251550037157,0.0495400094713467,-0.000519667949721,0.0274045562345666,0.0705314264884906,0.0939199472821679,,0.2653330205584966,0.010963638992492827,0.046456481657756,0.13006002049575902,0.9369843228752152,0.7513151413768333,0.6752637512154567,0.6204724405008788,0.6904639271646653
50,0.3628007570902506,0.9702045261859892,0.7815801004568735,0.3431527728835741,0.0165878235333332,0.4315209900339444,0.3508966666666666,0.0269309004623167,0.1514571603190989,0.1426830058757463,0.0126051419546666,0.4195635426900346,0.3433219735121726,-0.0004583449408076,0.3416466965743089,0.2459696779239177,0.0214275567581942,0.1529690331778275,0.1227482720166444,2023-11-10,1.0667576789855957,0.1070236888857207,0.2584968860522913,0.1957193431858063,0.0990482873175554,0.7151589857617902,0.6176139484999993,0.995371757066971,0.0993019227709637,0.0274045562345666,0.0338368007760401,0.1169700349538596,0.2290639118201269,0.015495759270772,0.0129710307299362,0.0698476073207405,0.0200075869812703,-0.005875367652,0.0408971488421139,0.0697736703046683,,0.23683262273792452,0.023871255402145193,0.14332358894152797,0.005976344845435494,0.9662235666211225,0.7360535036448685,0.7301976585342924,0.6450196081485453,0.6623059406028244
51,0.3468610452754156,0.9559009330613272,0.8285086240087237,0.3742932166372026,-0.2022171078285714,0.5599617063999176,0.2250428571428571,-0.1026355025987943,0.1995995668118078,0.0213509292968681,-0.1848358983365508,0.5366822279404184,0.2233643895370619,-0.1323557752883447,0.4612227722053348,0.2019759928703308,-0.0701134080283417,0.2044280029663172,0.0870450772519622,2023-11-13,1.069015622138977,0.0394383311699605,0.1917369063803098,0.1769476632624403,0.0737865573966459,0.6932511471023917,0.6124954516345826,0.9278546158922554,0.0746621789829023,-0.005875367652,0.0224718450102745,0.0808677439202769,0.2088407344683824,-0.0008361884413705,0.0103833845644647,0.0570729445790831,0.0086327562373096,0.0090230863480309,0.0649784203853638,,,0.19586073136107843,0.012179381878769392,0.04124804223374965,0.09279389821828808,0.9220156348498834,0.7693648427131516,0.7003211896255688,0.6372525734562822,0.7158434053327736
52,0.3643240574747324,0.9578345492482184,0.8756651282310486,0.2679197201505303,0.236740543875,0.5062322103185579,0.3135375,0.0800759846879669,0.1554696907073263,0.1162426675576716,0.235303495224335,0.4787310970393733,0.3090181094266474,0.2204648365730168,0.4431124434188064,0.2804216345250606,0.0314362329391147,0.107426719541005,0.067175458535552,2023-11-14,1.0701825618743896,0.1172627809843216,0.3410175672301185,0.3146663048389612,0.0686794703385572,0.7080651359521805,0.6780217664103819,0.9071160884456548,0.0909422343987462,0.0090230863480309,0.0317940166230039,0.0859724152600289,0.2320991521768061,0.0188953704745777,0.026442661637331,0.0695142302319737,0.027626376591332,0.0291919576632428,0.0569665008980235,,,0.3620155113747664,0.02099692430675782,0.0823694477512888,0.1317986076101352,0.9475193183135397,0.7694359113069451,0.7065409748120661,0.6547167094320421,0.7053075085373877
53,0.4294332325458526,0.9773718476295472,0.9414780855178831,0.3168031394481659,0.1754325543,0.7541500017046928,0.52778,0.074690205787859,0.3374789506609448,0.2302341681993007,0.1707644007231443,0.74071358148376,0.518341900588274,0.1712983012783511,0.7125563761576128,0.4981747704923153,0.0552393862877373,0.2380954659192791,0.1681685435378551,2023-11-15,1.0878314971923828,0.2141344415493681,0.4766066275983928,0.4606764826427597,0.1538344652482905,0.7508050237566664,0.6829478718212129,0.9879338969212398,0.1447192165829162,0.0291919576632428,0.0563030729214375,0.0947280220565041,0.2884472534635369,0.0015957382078468,0.0270339888127573,0.060658773449628,0.04271252305033,0.0107871938946502,0.0341757146883274,,,0.31930965434349934,0.028373137684017377,0.11044501357869121,0.01948555473532274,0.9940368692865411,0.7776432818304997,0.7545441703699352,0.6749335037020092,0.6947768706154669
54,0.3818195379442639,0.9224675827556186,0.7942009237077501,0.3752081394195556,-0.2127348088888889,0.5697056145355519,0.2706777777777777,-0.083457948918478,0.2263328685344469,0.1031236396733257,-0.2076508901139524,0.5289574051492684,0.2359381013505988,-0.1607146692156526,0.4400217967155984,0.2133346972498628,-0.0774488976394588,0.2098982433506643,0.1093106956962082,2023-11-16,1.0854581594467163,0.0819995197630982,0.1857482054619715,0.1642139415832695,0.0805866804691379,0.7647851212501944,0.6868006188868243,0.9951379608662738,0.1736245958167747,0.0107871938946502,0.0705314264884906,0.0948156487426912,0.1503424534612074,0.0011897193967129,0.0363403989085391,0.0431655539122548,0.0524212747751011,-0.0022297214118101,0.0233885207936772,,,0.2730403406988583,0.017931829072303396,0.06578928603657391,0.007763549894098913,0.9457287137424918,0.789814415290834,0.7521082869730837,0.669084210582068,0.7276373329061179
55,0.2659938178956508,0.9722515980402628,0.9406575868527094,0.2667550029853979,-0.0532061492166666,0.4678208000957966,0.6847716666666667,-0.0327117340484503,0.1076813056391946,0.184301333986918,-0.0469186904779791,0.4569786207858204,0.6665846621031563,-0.0440855459002883,0.4410878855824812,0.6453235957992077,-0.0225746235811354,0.124900534104013,0.1860539704550802,2023-11-17,1.0853756666183472,0.0864236351925541,0.3588815308036658,0.3474419784938001,0.0961266269926525,0.7553122752134758,0.6911585317143417,0.972389867697414,0.1361442131241516,-0.0022297214118101,0.0408971488421139,0.074733949618154,0.1501308398894236,0.0012812279371789,0.022125867574946,0.0350968983048822,0.0663676519084361,0.0182059038912498,0.0288765214625543,,,0.25039479761936434,0.011440549340160469,0.0229862094626962,0.04059022803305583,0.9326946801663459,0.779371485933817,0.7163217210414317,0.6398536377500359,0.7220101123499032
56,0.2842885081966718,0.966092566649119,0.8638028701146444,0.2572331403692563,-0.0313294053333333,0.3793337096770604,0.7608,-0.0052906081545629,0.1191869413509458,0.2371119882628321,-0.0300579280242631,0.3690628872523647,0.7372301662921906,-0.0272010742583792,0.3223083176849724,0.6537803305387496,-0.0082991194679982,0.0812104424046431,0.1860716928437352,2023-11-20,1.090702772140503,0.1170027738197383,0.3587450418400974,0.3162958579884476,0.0863276719267933,0.7795188795887955,0.7157432731244859,0.9634067126949776,0.152493377072551,0.0182059038912498,0.0649784203853638,0.0874502653956383,0.1537784154211738,0.0073631037937946,0.0303251598101113,0.040708544374576,0.0754177477676663,0.0010111668606906,,,,0.23437919434683666,0.017641140860391688,0.12228934226355123,0.05359889064410443,1.0,0.765509562112801,0.7384471648358315,0.6670526256426745,0.6795695516357552
57,0.390620119869709,0.9502548798918724,0.8700364902615547,0.3050713315606117,0.163229564125,0.3463560715317726,0.3864625,0.0582467797662147,0.1289104523983599,0.1490843011021614,0.1578046132994496,0.3250030780010153,0.3739766000792384,0.1540331703521602,0.3020000707269117,0.3787049978017807,0.047041420183307,0.0979617368461593,0.1290418361518532,2023-11-21,1.0945948362350464,0.112080511088912,0.2855947637932344,0.2782460796269508,0.0913483310604398,0.7808282678692946,0.6992303681547561,0.9654543158040568,0.1303220196755182,0.0010111668606906,0.0569665008980235,0.0887605175210275,0.1379959473292116,-0.0020229759317569,0.0094068134037765,0.0358494750411075,0.0661552483162797,0.0064011714535467,,,,0.21821123425948544,0.012948494439452446,0.035959203300447516,0.047707785886510555,0.9774640085495773,0.7732074368223882,0.7135231554590904,0.6387354418027118,0.6969189442141235
58,0.3049991859330071,0.9717688428031074,0.8508520987298753,0.2833727382951312,0.0256233423888888,0.8155710250656638,0.4971888888888889,0.0252976196246332,0.2439684765308294,0.165739625308911,0.0263263153944274,0.7947566249188582,0.4881205984407001,0.0283949755130796,0.7110613174307494,0.45290191906227,-0.0106359875349197,0.2203065188468545,0.094694657579561,2023-11-22,1.0918222665786743,0.1450019071547912,0.4364011795846619,0.3974527373353663,0.1014550629638319,0.7893870831287608,0.7135056185337757,0.917788855988772,0.1254738753904695,0.0064011714535467,0.0341757146883274,0.090478787609765,0.1504094304118748,0.0040529050943138,0.0118639802902436,0.0388979691030009,0.0846515880678318,0.0,,,,0.16158891229326025,0.011766816578009287,0.04012485064695873,0.10737614840447884,0.9962246011284486,0.7787170877782494,0.7050234513457405,0.6461789628549699,0.6950085281800678
59,0.3143842816352844,0.9736280739307404,0.9254435002803802,0.3771442621946335,0.6865734095,0.5551209412515163,0.372,0.1943806809992324,0.1360194954932472,0.061882579088211,0.6703862013806409,0.5439231909040061,0.3671124656200409,0.6440243212591323,0.5292280178929085,0.3664271066188812,0.2518970609680046,0.196734028756735,0.122238016963005,2023-11-23,1.0890873670578003,0.1307609185268968,0.5271406193015626,0.5132264819236406,0.1902897022292482,0.7893870831287608,0.7135056185337757,0.9114709016850469,0.1055602187869594,0.0,0.0233885207936772,0.0939199472821679,0.1693350959300179,0.0,0.0106742608935306,0.0470146598020697,0.0965546692734165,0.003258279257067,,,,0.16158891229326025,0.011766816578009287,0.04012485064695873,0.10737614840447884,0.9962246011284486,0.7574358443343057,0.6844683222882226,0.623889939577754,0.6726169148048329
60,0.3382178694009781,0.9717284560203552,0.9478930950164794,0.1808244936168193,0.1452552537999999,0.5238285183906555,0.3445999999999999,0.0687256950261648,0.1690866805591283,0.129746137304306,0.1440374143870499,0.5091573044924527,0.3362930758118629,0.1429995170500865,0.4937512780659115,0.3238420146238804,0.0140099002143952,0.0984518989614732,0.0031241990408301,2023-11-24,1.0906314849853516,0.122519504296533,0.3298292648971218,0.3201976032466261,0.0385286660722328,0.7941553856964105,0.7158140526337448,0.9392647213338472,0.1030961225813516,0.003258279257067,0.0288765214625543,0.0697736703046683,0.1867437052585279,0.0005966956096443,0.009989728565996,0.032115596140942,0.1019632034616826,,,,,-0.00809667644491091,0.0008894756484277479,0.02602677977468739,0.01917802843342938,0.9699728397090837,0.7352211386359282,0.6800889177012777,0.5948380017278354,0.6598986882000575
